1,ACAPULCO,GUERRERO,SAN LUIS ACATLÁN,$15.89,$17.65,$16.96
1,ACAPULCO,GUERRERO,TECOANAPA,$15.89,$17.65,$16.96
1,ACAPULCO,GUERRERO,IGUALAPA,$15.89,$17.65,$16.96
1,ACAPULCO,GUERRERO,OMETEPEC,$15.89,$17.65,$16.96
1,ACAPULCO,GUERRERO,AZOYU,$15.89,$17.65,$16.96
1,ACAPULCO,GUERRERO,AYUTLA DE LOS LIBRES,$15.89,$17.65,$16.96
1,ACAPULCO,GUERRERO,TECPAN DE GALEANA,$15.89,$17.65,$16.96
1,ACAPULCO,GUERRERO,COPALA,$15.89,$17.65,$16.96
1,ACAPULCO,GUERRERO,FLORENCIO VILLARREAL,$15.89,$17.65,$16.96
1,ACAPULCO,GUERRERO,ATOYAC DE ALVAREZ,$15.89,$17.65,$16.96
1,ACAPULCO,GUERRERO,SAN MARCOS,$15.89,$17.65,$16.96
1,ACAPULCO,GUERRERO,JUAN R ESCUDERO,$15.89,$17.65,$16.96
1,ACAPULCO,GUERRERO,COYUCA DE BENITEZ,$15.89,$17.65,$16.96
1,ACAPULCO,GUERRERO,ACAPULCO DE JUAREZ,$15.89,$17.65,$16.96
2,AGUASCALIENTES,GUANAJUATO,OCAMPO,$16.16,$17.93,$17.23
2,AGUASCALIENTES,ZACATECAS,APULCO,$16.16,$17.93,$17.23
2,AGUASCALIENTES,JALISCO,VILLA HIDALGO,$16.16,$17.93,$17.23
2,AGUASCALIENTES,JALISCO,TEOCALTICHE,$16.16,$17.93,$17.23
2,AGUASCALIENTES,JALISCO,ENCARNACION DE DIAZ,$16.16,$17.93,$17.23
2,AGUASCALIENTES,AGUASCALIENTES,TEPEZALA,$16.16,$17.93,$17.23
2,AGUASCALIENTES,AGUASCALIENTES,SAN JOSE DE GRACIA,$16.16,$17.93,$17.23
2,AGUASCALIENTES,AGUASCALIENTES,PABELLON DE ARTEAGA,$16.16,$17.93,$17.23
2,AGUASCALIENTES,AGUASCALIENTES,SAN FRANCISCO DE LOS ROMO,$16.16,$17.93,$17.23
2,AGUASCALIENTES,AGUASCALIENTES,AGUASCALIENTES,$16.16,$17.93,$17.23
3,AÑIL,ESTADO DE MÉXICO,ATENCO,$16.32,$18.19,$17.06
3,AÑIL,ESTADO DE MÉXICO,CHALCO,$16.32,$18.19,$17.06
3,AÑIL,ESTADO DE MÉXICO,CHICOLOAPAN,$16.32,$18.19,$17.06
3,AÑIL,ESTADO DE MÉXICO,IXTAPALUCA,$16.32,$18.19,$17.06
3,AÑIL,ESTADO DE MÉXICO,CHIMALHUACAN,$16.32,$18.19,$17.06
3,AÑIL,ESTADO DE MÉXICO,LA PAZ,$16.32,$18.19,$17.06
3,AÑIL,ESTADO DE MÉXICO,NEZAHUALCOYOTL,$16.32,$18.19,$17.06
3,AÑIL,CIUDAD DE MÉXICO,COYOACAN,$16.32,$18.19,$17.06
3,AÑIL,CIUDAD DE MÉXICO,CUAUHTEMOC,$16.32,$18.19,$17.06
3,AÑIL,CIUDAD DE MÉXICO,IZTACALCO,$16.32,$18.19,$17.06
3,AÑIL,CIUDAD DE MÉXICO,LA MAGDALENA CONTRERAS,$16.32,$18.19,$17.06
3,AÑIL,CIUDAD DE MÉXICO,MILPA ALTA,$16.32,$18.19,$17.06
3,AÑIL,CIUDAD DE MÉXICO,VENUSTIANO CARRANZA,$16.32,$18.19,$17.06
4,AZCAPOTZALCO,ESTADO DE MÉXICO,MELCHOR OCAMPO,$16.27,$18.14,$17.01
4,AZCAPOTZALCO,ESTADO DE MÉXICO,NICOLAS ROMERO,$16.27,$18.14,$17.01
4,AZCAPOTZALCO,ESTADO DE MÉXICO,CUAUTITLAN,$16.27,$18.14,$17.01
4,AZCAPOTZALCO,ESTADO DE MÉXICO,JILOTZINGO,$16.27,$18.14,$17.01
4,AZCAPOTZALCO,ESTADO DE MÉXICO,CUAUTITLAN IZCALLI,$16.27,$18.14,$17.01
4,AZCAPOTZALCO,ESTADO DE MÉXICO,TEPOTZOTLAN,$16.27,$18.14,$17.01
4,AZCAPOTZALCO,ESTADO DE MÉXICO,ATIZAPAN DE ZARAGOZA,$16.27,$18.14,$17.01
4,AZCAPOTZALCO,ESTADO DE MÉXICO,HUIXQUILUCAN,$16.27,$18.14,$17.01
4,AZCAPOTZALCO,ESTADO DE MÉXICO,ATIZAPAN,$16.27,$18.14,$17.01
4,AZCAPOTZALCO,ESTADO DE MÉXICO,NAUCALPAN DE JUAREZ,$16.27,$18.14,$17.01
4,AZCAPOTZALCO,ESTADO DE MÉXICO,TLALNEPANTLA DE BAZ,$16.27,$18.14,$17.01
4,AZCAPOTZALCO,CIUDAD DE MÉXICO,AZCAPOTZALCO,$16.27,$18.14,$17.01
5,BARRANCA DEL MUERTO,CIUDAD DE MÉXICO,GUSTAVO A MADERO,$16.33,$18.20,$17.07
5,BARRANCA DEL MUERTO,CIUDAD DE MÉXICO,MIGUEL HIDALGO,$16.33,$18.20,$17.07
5,BARRANCA DEL MUERTO,CIUDAD DE MÉXICO,XOCHIMILCO,$16.33,$18.20,$17.07
5,BARRANCA DEL MUERTO,CIUDAD DE MÉXICO,BENITO JUAREZ,$16.33,$18.20,$17.07
5,BARRANCA DEL MUERTO,CIUDAD DE MÉXICO,CUAJIMALPA DE MORELOS,$16.33,$18.20,$17.07
5,BARRANCA DEL MUERTO,CIUDAD DE MÉXICO,ALVARO OBREGON,$16.33,$18.20,$17.07
5,BARRANCA DEL MUERTO,CIUDAD DE MÉXICO,TLALPAN,$16.33,$18.20,$17.07
5,BARRANCA DEL MUERTO,CIUDAD DE MÉXICO,TLAHUAC,$16.33,$18.20,$17.07
6,CADEREYTA,NUEVO LEÓN,MINA,$16.23,$18.11,$16.96
6,CADEREYTA,NUEVO LEÓN,CHINA,$16.23,$18.11,$16.96
6,CADEREYTA,NUEVO LEÓN,CERRALVO,$16.23,$18.11,$16.96
6,CADEREYTA,NUEVO LEÓN,SANTIAGO,$16.23,$18.11,$16.96
6,CADEREYTA,NUEVO LEÓN,MONTEMORELOS,$16.23,$18.11,$16.96
6,CADEREYTA,NUEVO LEÓN,HIDALGO,$16.23,$18.11,$16.96
6,CADEREYTA,NUEVO LEÓN,ABASOLO,$16.23,$18.11,$16.96
6,CADEREYTA,NUEVO LEÓN,CIENEGA DE FLORES,$16.23,$18.11,$16.96
6,CADEREYTA,NUEVO LEÓN,MARIN,$16.23,$18.11,$16.96
6,CADEREYTA,NUEVO LEÓN,GENERAL ZUAZUA,$16.23,$18.11,$16.96
6,CADEREYTA,NUEVO LEÓN,ALLENDE,$16.23,$18.11,$16.96
6,CADEREYTA,NUEVO LEÓN,PESQUERIA,$16.23,$18.11,$16.96
6,CADEREYTA,NUEVO LEÓN,LOS RAMONES,$16.23,$18.11,$16.96
6,CADEREYTA,NUEVO LEÓN,CADEREYTA JIMENEZ,$16.23,$18.11,$16.96
7,CAMPECHE,CAMPECHE,CARMEN,$15.65,$17.42,$16.72
7,CAMPECHE,CAMPECHE,ESCARCEGA,$15.65,$17.42,$16.72
7,CAMPECHE,CAMPECHE,CALKINI,$15.65,$17.42,$16.72
7,CAMPECHE,CAMPECHE,CHAMPOTON,$15.65,$17.42,$16.72
7,CAMPECHE,CAMPECHE,TENABO,$15.65,$17.42,$16.72
7,CAMPECHE,CAMPECHE,CAMPECHE,$15.65,$17.42,$16.72
8,CELAYA,GUANAJUATO,ACAMBARO,$16.09,$17.86,$17.16
8,CELAYA,GUANAJUATO,SAN MIGUEL DE ALLENDE,$16.09,$17.86,$17.16
8,CELAYA,GUANAJUATO,DOLORES HIDALGO CUNA DE LA INDEPENDENCIA NACIONAL,$16.09,$17.86,$17.16
8,CELAYA,GUANAJUATO,TARIMORO,$16.09,$17.86,$17.16
8,CELAYA,GUANAJUATO,SALVATIERRA,$16.09,$17.86,$17.16
8,CELAYA,GUANAJUATO,APASEO EL ALTO,$16.09,$17.86,$17.16
8,CELAYA,GUANAJUATO,JARAL DEL PROGRESO,$16.09,$17.86,$17.16
8,CELAYA,GUANAJUATO,SANTA CRUZ DE JUVENTINO ROSAS,$16.09,$17.86,$17.16
8,CELAYA,GUANAJUATO,JERECUARO,$16.09,$17.86,$17.16
8,CELAYA,GUANAJUATO,COMONFORT,$16.09,$17.86,$17.16
8,CELAYA,GUANAJUATO,APASEO EL GRANDE,$16.09,$17.86,$17.16
8,CELAYA,GUANAJUATO,VILLAGRAN,$16.09,$17.86,$17.16
8,CELAYA,GUANAJUATO,CELAYA,$16.09,$17.86,$17.16
8,CELAYA,GUANAJUATO,CORTAZAR,$16.09,$17.86,$17.16
9,CHIHUAHUA,CHIHUAHUA,AHUMADA,$16.12,$18.08,$17.39
9,CHIHUAHUA,CHIHUAHUA,SAN FRANCISCO DE CONCHOS,$16.12,$18.08,$17.39
9,CHIHUAHUA,CHIHUAHUA,GUERRERO,$16.12,$18.08,$17.39
9,CHIHUAHUA,CHIHUAHUA,CARICHI,$16.12,$18.08,$17.39
9,CHIHUAHUA,CHIHUAHUA,SAN FRANCISCO DE BORJA,$16.12,$18.08,$17.39
9,CHIHUAHUA,CHIHUAHUA,COYAME DEL SOTOL,$16.12,$18.08,$17.39
9,CHIHUAHUA,CHIHUAHUA,CAMARGO,$16.12,$18.08,$17.39
9,CHIHUAHUA,CHIHUAHUA,CUSIHUIRIACHI,$16.12,$18.08,$17.39
9,CHIHUAHUA,CHIHUAHUA,SATEVO,$16.12,$18.08,$17.39
9,CHIHUAHUA,CHIHUAHUA,LA CRUZ,$16.12,$18.08,$17.39
9,CHIHUAHUA,CHIHUAHUA,CUAUHTEMOC,$16.12,$18.08,$17.39
9,CHIHUAHUA,CHIHUAHUA,SAUCILLO,$16.12,$18.08,$17.39
9,CHIHUAHUA,CHIHUAHUA,DR BELISARIO DOMINGUEZ,$16.12,$18.08,$17.39
9,CHIHUAHUA,CHIHUAHUA,ROSALES,$16.12,$18.08,$17.39
9,CHIHUAHUA,CHIHUAHUA,DELICIAS,$16.12,$18.08,$17.39
9,CHIHUAHUA,CHIHUAHUA,GRAN MORELOS,$16.12,$18.08,$17.39
9,CHIHUAHUA,CHIHUAHUA,MEOQUI,$16.12,$18.08,$17.39
9,CHIHUAHUA,CHIHUAHUA,JULIMES,$16.12,$18.08,$17.39
9,CHIHUAHUA,CHIHUAHUA,SANTA BARBARA,$16.12,$18.08,$17.39
9,CHIHUAHUA,CHIHUAHUA,ALDAMA,$16.12,$18.08,$17.39
9,CHIHUAHUA,CHIHUAHUA,CHIHUAHUA,$16.12,$18.08,$17.39
9,CHIHUAHUA,CHIHUAHUA,AQUILES SERDAN,$16.12,$18.08,$17.39
10,COLIMA,COLIMA,COLIMA,$16.14,$17.90,$17.21
10,COLIMA,COLIMA,COMALA,$16.14,$17.90,$17.21
10,COLIMA,COLIMA,COQUIMATLAN,$16.14,$17.90,$17.21
10,COLIMA,COLIMA,VILLA DE ALVAREZ,$16.14,$17.90,$17.21
11,CUAUTLA,PUEBLA,TEHUITZINGO,$15.88,$17.65,$16.95
11,CUAUTLA,PUEBLA,TECOMATLAN,$15.88,$17.65,$16.95
11,CUAUTLA,PUEBLA,IZUCAR DE MATAMOROS,$15.88,$17.65,$16.95
11,CUAUTLA,PUEBLA,CHIETLA,$15.88,$17.65,$16.95
11,CUAUTLA,PUEBLA,EPATLAN,$15.88,$17.65,$16.95
11,CUAUTLA,PUEBLA,TILAPA,$15.88,$17.65,$16.95
11,CUAUTLA,MORELOS,AXOCHIAPAN,$15.88,$17.65,$16.95
11,CUAUTLA,MORELOS,TETELA DEL VOLCAN,$15.88,$17.65,$16.95
11,CUAUTLA,MORELOS,TOTOLAPAN,$15.88,$17.65,$16.95
11,CUAUTLA,MORELOS,TLAYACAPAN,$15.88,$17.65,$16.95
11,CUAUTLA,MORELOS,TEPALCINGO,$15.88,$17.65,$16.95
11,CUAUTLA,MORELOS,YECAPIXTLA,$15.88,$17.65,$16.95
11,CUAUTLA,MORELOS,YAUTEPEC,$15.88,$17.65,$16.95
11,CUAUTLA,MORELOS,AYALA,$15.88,$17.65,$16.95
11,CUAUTLA,MORELOS,JANTETELCO,$15.88,$17.65,$16.95
11,CUAUTLA,MORELOS,ATLATLAHUCAN,$15.88,$17.65,$16.95
11,CUAUTLA,MORELOS,CUAUTLA,$15.88,$17.65,$16.95
11,CUAUTLA,MORELOS,JONACATEPEC DE LEANDRO VALLE,$15.88,$17.65,$16.95
11,CUAUTLA,MORELOS,TEMOAC,$15.88,$17.65,$16.95
11,CUAUTLA,MÉXICO,TEPETLIXPA,$15.88,$17.65,$16.95
12,CUERNAVACA,MORELOS,AMACUZAC,$15.93,$17.70,$17.00
12,CUERNAVACA,MORELOS,MAZATEPEC,$15.93,$17.70,$17.00
12,CUERNAVACA,MORELOS,JOJUTLA,$15.93,$17.70,$17.00
12,CUERNAVACA,MORELOS,PUENTE DE IXTLA,$15.93,$17.70,$17.00
12,CUERNAVACA,MORELOS,TLALTIZAPAN DE ZAPATA,$15.93,$17.70,$17.00
12,CUERNAVACA,MORELOS,HUITZILAC,$15.93,$17.70,$17.00
12,CUERNAVACA,MORELOS,ZACATEPEC,$15.93,$17.70,$17.00
12,CUERNAVACA,MORELOS,MIACATLAN,$15.93,$17.70,$17.00
12,CUERNAVACA,MORELOS,TEPOZTLAN,$15.93,$17.70,$17.00
12,CUERNAVACA,MORELOS,XOCHITEPEC,$15.93,$17.70,$17.00
12,CUERNAVACA,MORELOS,CUERNAVACA,$15.93,$17.70,$17.00
12,CUERNAVACA,MORELOS,EMILIANO ZAPATA,$15.93,$17.70,$17.00
12,CUERNAVACA,MORELOS,TEMIXCO,$15.93,$17.70,$17.00
12,CUERNAVACA,MORELOS,JIUTEPEC,$15.93,$17.70,$17.00
13,CULIACAN,SINALOA,CULIACAN,$16.24,$18.01,$17.34
13,CULIACAN,SINALOA,NAVOLATO,$16.24,$18.01,$17.34
14,DURANGO,DURANGO,NUEVO IDEAL,$16.27,$18.04,$17.28
14,DURANGO,DURANGO,SANTIAGO PAPASQUIARO,$16.27,$18.04,$17.28
14,DURANGO,DURANGO,SAN JUAN DEL RIO,$16.27,$18.04,$17.28
14,DURANGO,DURANGO,PUEBLO NUEVO,$16.27,$18.04,$17.28
14,DURANGO,DURANGO,SUCHIL,$16.27,$18.04,$17.28
14,DURANGO,DURANGO,MEZQUITAL,$16.27,$18.04,$17.28
14,DURANGO,DURANGO,VICENTE GUERRERO,$16.27,$18.04,$17.28
14,DURANGO,DURANGO,POANAS,$16.27,$18.04,$17.28
14,DURANGO,DURANGO,GUADALUPE VICTORIA,$16.27,$18.04,$17.28
14,DURANGO,DURANGO,NOMBRE DE DIOS,$16.27,$18.04,$17.28
14,DURANGO,DURANGO,CANATLAN,$16.27,$18.04,$17.28
14,DURANGO,DURANGO,PANUCO DE CORONADO,$16.27,$18.04,$17.28
14,DURANGO,DURANGO,TOPIA,$16.27,$18.04,$17.28
14,DURANGO,DURANGO,DURANGO,$16.27,$18.04,$17.28
15,EL CASTILLO,JALISCO,TUXCUECA,$16.53,$18.41,$17.26
15,EL CASTILLO,JALISCO,ACATIC,$16.53,$18.41,$17.26
15,EL CASTILLO,JALISCO,TEPATITLAN DE MORELOS,$16.53,$18.41,$17.26
15,EL CASTILLO,JALISCO,OCOTLAN,$16.53,$18.41,$17.26
15,EL CASTILLO,JALISCO,TOTOTLAN,$16.53,$18.41,$17.26
15,EL CASTILLO,JALISCO,ZAPOTLAN DEL REY,$16.53,$18.41,$17.26
15,EL CASTILLO,JALISCO,JOCOTEPEC,$16.53,$18.41,$17.26
15,EL CASTILLO,JALISCO,ZACOALCO DE TORRES,$16.53,$18.41,$17.26
15,EL CASTILLO,JALISCO,PONCITLAN,$16.53,$18.41,$17.26
15,EL CASTILLO,JALISCO,ZAPOTLANEJO,$16.53,$18.41,$17.26
15,EL CASTILLO,JALISCO,CHAPALA,$16.53,$18.41,$17.26
15,EL CASTILLO,JALISCO,ZAPOPAN,$16.53,$18.41,$17.26
15,EL CASTILLO,JALISCO,JUANACATLAN,$16.53,$18.41,$17.26
15,EL CASTILLO,JALISCO,IXTLAHUACAN DE LOS MEMBRILLOS,$16.53,$18.41,$17.26
15,EL CASTILLO,JALISCO,EL SALTO,$16.53,$18.41,$17.26
16,ENSENADA,BAJA CALIFORNIA,ENSENADA,$16.16,$17.93,$17.28
17,ESCAMELA,VERACRUZ DE IGNACIO DE LA LLAVE,CUITLAHUAC,$15.62,$17.39,$16.69
17,ESCAMELA,VERACRUZ DE IGNACIO DE LA LLAVE,ZONGOLICA,$15.62,$17.39,$16.69
17,ESCAMELA,VERACRUZ DE IGNACIO DE LA LLAVE,CHOCAMAN,$15.62,$17.39,$16.69
17,ESCAMELA,VERACRUZ DE IGNACIO DE LA LLAVE,ATOYAC,$15.62,$17.39,$16.69
17,ESCAMELA,VERACRUZ DE IGNACIO DE LA LLAVE,SOLEDAD ATZOMPA,$15.62,$17.39,$16.69
17,ESCAMELA,VERACRUZ DE IGNACIO DE LA LLAVE,YANGA,$15.62,$17.39,$16.69
17,ESCAMELA,VERACRUZ DE IGNACIO DE LA LLAVE,ACULTZINGO,$15.62,$17.39,$16.69
17,ESCAMELA,VERACRUZ DE IGNACIO DE LA LLAVE,COSCOMATEPEC,$15.62,$17.39,$16.69
17,ESCAMELA,VERACRUZ DE IGNACIO DE LA LLAVE,AMATLAN DE LOS REYES,$15.62,$17.39,$16.69
17,ESCAMELA,VERACRUZ DE IGNACIO DE LA LLAVE,TLILAPAN,$15.62,$17.39,$16.69
17,ESCAMELA,VERACRUZ DE IGNACIO DE LA LLAVE,CORDOBA,$15.62,$17.39,$16.69
17,ESCAMELA,VERACRUZ DE IGNACIO DE LA LLAVE,NOGALES,$15.62,$17.39,$16.69
17,ESCAMELA,VERACRUZ DE IGNACIO DE LA LLAVE,ORIZABA,$15.62,$17.39,$16.69
17,ESCAMELA,VERACRUZ DE IGNACIO DE LA LLAVE,CAMERINO Z MENDOZA,$15.62,$17.39,$16.69
17,ESCAMELA,VERACRUZ DE IGNACIO DE LA LLAVE,FORTIN,$15.62,$17.39,$16.69
17,ESCAMELA,VERACRUZ DE IGNACIO DE LA LLAVE,HUILOAPAN DE CUAUHTEMOC,$15.62,$17.39,$16.69
17,ESCAMELA,VERACRUZ DE IGNACIO DE LA LLAVE,IXHUATLANCILLO,$15.62,$17.39,$16.69
17,ESCAMELA,VERACRUZ DE IGNACIO DE LA LLAVE,IXTACZOQUITLAN,$15.62,$17.39,$16.69
17,ESCAMELA,VERACRUZ DE IGNACIO DE LA LLAVE,MARIANO ESCOBEDO,$15.62,$17.39,$16.69
17,ESCAMELA,VERACRUZ DE IGNACIO DE LA LLAVE,RAFAEL DELGADO,$15.62,$17.39,$16.69
17,ESCAMELA,VERACRUZ DE IGNACIO DE LA LLAVE,RIO BLANCO,$15.62,$17.39,$16.69
18,GOMEZ PALACIO,DURANGO,NAZAS,$16.13,$17.90,$17.20
18,GOMEZ PALACIO,DURANGO,TLAHUALILO,$16.13,$17.90,$17.20
18,GOMEZ PALACIO,DURANGO,LERDO,$16.13,$17.90,$17.20
18,GOMEZ PALACIO,DURANGO,GOMEZ PALACIO,$16.13,$17.90,$17.20
18,GOMEZ PALACIO,COAHUILA DE ZARAGOZA,VIESCA,$16.13,$17.90,$17.20
18,GOMEZ PALACIO,COAHUILA DE ZARAGOZA,SAN PEDRO,$16.13,$17.90,$17.20
18,GOMEZ PALACIO,COAHUILA DE ZARAGOZA,FRANCISCO I MADERO,$16.13,$17.90,$17.20
18,GOMEZ PALACIO,COAHUILA DE ZARAGOZA,MATAMOROS,$16.13,$17.90,$17.20
18,GOMEZ PALACIO,COAHUILA DE ZARAGOZA,TORREON,$16.13,$17.90,$17.20
19,GUADALAJARA,ZACATECAS,TEUL DE GONZALEZ ORTEGA,$16.52,$18.40,$17.24
19,GUADALAJARA,ZACATECAS,BENITO JUAREZ,$16.52,$18.40,$17.24
19,GUADALAJARA,NAYARIT,AMATLAN DE CAÑAS,$16.52,$18.40,$17.24
19,GUADALAJARA,JALISCO,ATENGUILLO,$16.52,$18.40,$17.24
19,GUADALAJARA,JALISCO,CONCEPCION DE BUENOS AIRES,$16.52,$18.40,$17.24
19,GUADALAJARA,JALISCO,LA MANZANILLA DE LA PAZ,$16.52,$18.40,$17.24
19,GUADALAJARA,JALISCO,EL GRULLO,$16.52,$18.40,$17.24
19,GUADALAJARA,JALISCO,TAMAZULA DE GORDIANO,$16.52,$18.40,$17.24
19,GUADALAJARA,JALISCO,AYUTLA,$16.52,$18.40,$17.24
19,GUADALAJARA,JALISCO,UNION DE TULA,$16.52,$18.40,$17.24
19,GUADALAJARA,JALISCO,ATENGO,$16.52,$18.40,$17.24
19,GUADALAJARA,JALISCO,TAPALPA,$16.52,$18.40,$17.24
19,GUADALAJARA,JALISCO,CHIQUILISTLAN,$16.52,$18.40,$17.24
19,GUADALAJARA,JALISCO,JUCHITLAN,$16.52,$18.40,$17.24
19,GUADALAJARA,JALISCO,TENAMAXTLAN,$16.52,$18.40,$17.24
19,GUADALAJARA,JALISCO,ZAPOTLAN EL GRANDE,$16.52,$18.40,$17.24
19,GUADALAJARA,JALISCO,MIXTLAN,$16.52,$18.40,$17.24
19,GUADALAJARA,JALISCO,GOMEZ FARIAS,$16.52,$18.40,$17.24
19,GUADALAJARA,JALISCO,TEOCUITATLAN DE CORONA,$16.52,$18.40,$17.24
19,GUADALAJARA,JALISCO,TECOLOTLAN,$16.52,$18.40,$17.24
19,GUADALAJARA,JALISCO,SAN GABRIEL,$16.52,$18.40,$17.24
19,GUADALAJARA,JALISCO,SAYULA,$16.52,$18.40,$17.24
19,GUADALAJARA,JALISCO,ATEMAJAC DE BRIZUELA,$16.52,$18.40,$17.24
19,GUADALAJARA,JALISCO,SAN MARTIN HIDALGO,$16.52,$18.40,$17.24
19,GUADALAJARA,JALISCO,SAN MARCOS,$16.52,$18.40,$17.24
19,GUADALAJARA,JALISCO,CUQUIO,$16.52,$18.40,$17.24
19,GUADALAJARA,JALISCO,TECHALUTA DE MONTENEGRO,$16.52,$18.40,$17.24
19,GUADALAJARA,JALISCO,AMECA,$16.52,$18.40,$17.24
19,GUADALAJARA,JALISCO,SAN JUANITO DE ESCOBEDO,$16.52,$18.40,$17.24
19,GUADALAJARA,JALISCO,ETZATLAN,$16.52,$18.40,$17.24
19,GUADALAJARA,JALISCO,MAGDALENA,$16.52,$18.40,$17.24
19,GUADALAJARA,JALISCO,COCULA,$16.52,$18.40,$17.24
19,GUADALAJARA,JALISCO,IXTLAHUACAN DEL RIO,$16.52,$18.40,$17.24
19,GUADALAJARA,JALISCO,AHUALULCO DE MERCADO,$16.52,$18.40,$17.24
19,GUADALAJARA,JALISCO,TEQUILA,$16.52,$18.40,$17.24
19,GUADALAJARA,JALISCO,VILLA CORONA,$16.52,$18.40,$17.24
19,GUADALAJARA,JALISCO,TEUCHITLAN,$16.52,$18.40,$17.24
19,GUADALAJARA,JALISCO,ACATLAN DE JUAREZ,$16.52,$18.40,$17.24
19,GUADALAJARA,JALISCO,AMATITAN,$16.52,$18.40,$17.24
19,GUADALAJARA,JALISCO,TALA,$16.52,$18.40,$17.24
19,GUADALAJARA,JALISCO,TLAJOMULCO DE ZUÑIGA,$16.52,$18.40,$17.24
19,GUADALAJARA,JALISCO,TONALA,$16.52,$18.40,$17.24
19,GUADALAJARA,JALISCO,EL ARENAL,$16.52,$18.40,$17.24
19,GUADALAJARA,JALISCO,GUADALAJARA,$16.52,$18.40,$17.24
19,GUADALAJARA,JALISCO,SAN PEDRO TLAQUEPAQUE,$16.52,$18.40,$17.24
20,GUAMUCHIL,SINALOA,SINALOA,$16.19,$17.96,$17.29
20,GUAMUCHIL,SINALOA,GUASAVE,$16.19,$17.96,$17.29
20,GUAMUCHIL,SINALOA,ANGOSTURA,$16.19,$17.96,$17.29
20,GUAMUCHIL,SINALOA,MOCORITO,$16.19,$17.96,$17.29
20,GUAMUCHIL,SINALOA,SALVADOR ALVARADO,$16.19,$17.96,$17.29
21,GUAYMAS,SONORA,GUAYMAS,$15.92,$17.69,$17.01
21,GUAYMAS,SONORA,EMPALME,$15.92,$17.69,$17.01
22,HERMOSILLO,SONORA,BANAMICHI,$16.06,$17.83,$17.16
22,HERMOSILLO,SONORA,ACONCHI,$16.06,$17.83,$17.16
22,HERMOSILLO,SONORA,BENJAMIN HILL,$16.06,$17.83,$17.16
22,HERMOSILLO,SONORA,BAVIACORA,$16.06,$17.83,$17.16
22,HERMOSILLO,SONORA,RAYON,$16.06,$17.83,$17.16
22,HERMOSILLO,SONORA,MOCTEZUMA,$16.06,$17.83,$17.16
22,HERMOSILLO,SONORA,LA COLORADA,$16.06,$17.83,$17.16
22,HERMOSILLO,SONORA,URES,$16.06,$17.83,$17.16
22,HERMOSILLO,SONORA,CARBO,$16.06,$17.83,$17.16
22,HERMOSILLO,SONORA,SAN MIGUEL DE HORCASITAS,$16.06,$17.83,$17.16
22,HERMOSILLO,SONORA,HERMOSILLO,$16.06,$17.83,$17.16
23,IGUALA,GUERRERO,TIXTLA DE GUERRERO,$15.97,$17.74,$17.04
23,IGUALA,GUERRERO,LEONARDO BRAVO,$15.97,$17.74,$17.04
23,IGUALA,GUERRERO,CHILPANCINGO DE LOS BRAVO,$15.97,$17.74,$17.04
23,IGUALA,GUERRERO,ATENANGO DEL RIO,$15.97,$17.74,$17.04
23,IGUALA,GUERRERO,APAXTLA,$15.97,$17.74,$17.04
23,IGUALA,GUERRERO,MOCHITLAN,$15.97,$17.74,$17.04
23,IGUALA,GUERRERO,EDUARDO NERI,$15.97,$17.74,$17.04
23,IGUALA,GUERRERO,TELOLOAPAN,$15.97,$17.74,$17.04
23,IGUALA,GUERRERO,TAXCO DE ALARCON,$15.97,$17.74,$17.04
23,IGUALA,GUERRERO,HUITZUCO DE LOS FIGUEROA,$15.97,$17.74,$17.04
23,IGUALA,GUERRERO,BUENAVISTA DE CUELLAR,$15.97,$17.74,$17.04
23,IGUALA,GUERRERO,TEPECOACUILCO DE TRUJANO,$15.97,$17.74,$17.04
23,IGUALA,GUERRERO,COCULA,$15.97,$17.74,$17.04
23,IGUALA,GUERRERO,IGUALA DE LA INDEPENDENCIA,$15.97,$17.74,$17.04
24,IRAPUATO,GUANAJUATO,YURIRIA,$16.14,$17.92,$17.22
24,IRAPUATO,GUANAJUATO,PENJAMO,$16.14,$17.92,$17.22
24,IRAPUATO,GUANAJUATO,HUANIMARO,$16.14,$17.92,$17.22
24,IRAPUATO,GUANAJUATO,GUANAJUATO,$16.14,$17.92,$17.22
24,IRAPUATO,GUANAJUATO,CUERAMARO,$16.14,$17.92,$17.22
24,IRAPUATO,GUANAJUATO,VALLE DE SANTIAGO,$16.14,$17.92,$17.22
24,IRAPUATO,GUANAJUATO,SILAO DE LA VICTORIA,$16.14,$17.92,$17.22
24,IRAPUATO,GUANAJUATO,ABASOLO,$16.14,$17.92,$17.22
24,IRAPUATO,GUANAJUATO,PUEBLO NUEVO,$16.14,$17.92,$17.22
24,IRAPUATO,GUANAJUATO,SALAMANCA,$16.14,$17.92,$17.22
24,IRAPUATO,GUANAJUATO,IRAPUATO,$16.14,$17.92,$17.22
25,XALAPA,VERACRUZ DE IGNACIO DE LA LLAVE,NAOLINCO,$15.59,$17.36,$16.66
25,XALAPA,VERACRUZ DE IGNACIO DE LA LLAVE,TEOCELO,$15.59,$17.36,$16.66
25,XALAPA,VERACRUZ DE IGNACIO DE LA LLAVE,ACAJETE,$15.59,$17.36,$16.66
25,XALAPA,VERACRUZ DE IGNACIO DE LA LLAVE,EMILIANO ZAPATA,$15.59,$17.36,$16.66
25,XALAPA,VERACRUZ DE IGNACIO DE LA LLAVE,XICO,$15.59,$17.36,$16.66
25,XALAPA,VERACRUZ DE IGNACIO DE LA LLAVE,XALAPA,$15.59,$17.36,$16.66
25,XALAPA,VERACRUZ DE IGNACIO DE LA LLAVE,BANDERILLA,$15.59,$17.36,$16.66
25,XALAPA,VERACRUZ DE IGNACIO DE LA LLAVE,COATEPEC,$15.59,$17.36,$16.66
25,XALAPA,VERACRUZ DE IGNACIO DE LA LLAVE,JILOTEPEC,$15.59,$17.36,$16.66
25,XALAPA,VERACRUZ DE IGNACIO DE LA LLAVE,RAFAEL LUCIO,$15.59,$17.36,$16.66
26,JUAREZ,CHIHUAHUA,PRAXEDIS G GUERRERO,$15.71,$17.93,$16.98
26,JUAREZ,CHIHUAHUA,GUADALUPE,$15.71,$17.93,$16.98
26,JUAREZ,CHIHUAHUA,JUAREZ,$15.71,$17.93,$16.98
27,LA PAZ,BAJA CALIFORNIA SUR,COMONDU,$16.00,$17.76,$17.07
27,LA PAZ,BAJA CALIFORNIA SUR,SAN JOSE DEL CABO,$16.00,$17.76,$17.07
27,LA PAZ,BAJA CALIFORNIA SUR,LOS CABOS,$16.00,$17.76,$17.07
27,LA PAZ,BAJA CALIFORNIA SUR,LOS CABOS,$16.00,$17.76,$17.07
27,LA PAZ,BAJA CALIFORNIA SUR,LA PAZ,$16.00,$17.76,$17.07
28,LAZARO CARDENAS,MICHOACÁN DE OCAMPO,ARTEAGA,$15.91,$17.67,$16.98
28,LAZARO CARDENAS,MICHOACÁN DE OCAMPO,LAZARO CARDENAS,$15.91,$17.67,$16.98
28,LAZARO CARDENAS,GUERRERO,LA UNIÓN DE ISIDORO MONTES DE OCA,$15.91,$17.67,$16.98
29,LEÓN,JALISCO,UNION DE SAN ANTONIO,$16.09,$17.86,$17.16
29,LEÓN,JALISCO,LAGOS DE MORENO,$16.09,$17.86,$17.16
29,LEÓN,JALISCO,SAN DIEGO DE ALEJANDRIA,$16.09,$17.86,$17.16
29,LEÓN,GUANAJUATO,ROMITA,$16.09,$17.86,$17.16
29,LEÓN,GUANAJUATO,MANUEL DOBLADO,$16.09,$17.86,$17.16
29,LEÓN,GUANAJUATO,PURISIMA DEL RINCON,$16.09,$17.86,$17.16
29,LEÓN,GUANAJUATO,SAN FRANCISCO DEL RINCON,$16.09,$17.86,$17.16
29,LEÓN,GUANAJUATO,LEON,$16.09,$17.86,$17.16
30,MADERO,VERACRUZ DE IGNACIO DE LA LLAVE,CHINAMPA DE GOROSTIZA,$15.37,$17.14,$16.44
30,MADERO,VERACRUZ DE IGNACIO DE LA LLAVE,OZULUAMA DE MASCAREÑAS,$15.37,$17.14,$16.44
30,MADERO,VERACRUZ DE IGNACIO DE LA LLAVE,PANUCO,$15.37,$17.14,$16.44
30,MADERO,VERACRUZ DE IGNACIO DE LA LLAVE,MORALILLO,$15.37,$17.14,$16.44
30,MADERO,VERACRUZ DE IGNACIO DE LA LLAVE,TAMPICO ALTO,$15.37,$17.14,$16.44
30,MADERO,VERACRUZ DE IGNACIO DE LA LLAVE,CUICHAPA,$15.37,$17.14,$16.44
30,MADERO,VERACRUZ DE IGNACIO DE LA LLAVE,PUEBLO VIEJO,$15.37,$17.14,$16.44
30,MADERO,TAMAULIPAS,GONZALEZ,$15.37,$17.14,$16.44
30,MADERO,TAMAULIPAS,ALTAMIRA,$15.37,$17.14,$16.44
30,MADERO,TAMAULIPAS,TAMPICO,$15.37,$17.14,$16.44
30,MADERO,TAMAULIPAS,CIUDAD MADERO,$15.37,$17.14,$16.44
30,MADERO,SAN LUIS POTOSÍ,EBANO,$15.37,$17.14,$16.44
30,MADERO,HIDALGO,JALTOCAN,$15.37,$17.14,$16.44
31,MAGDALENA,SONORA,BACOACHI,$16.23,$18.10,$17.42
31,MAGDALENA,SONORA,NACO,$16.23,$18.10,$17.42
31,MAGDALENA,SONORA,CANANEA,$16.23,$18.10,$17.42
31,MAGDALENA,SONORA,ALTAR,$16.23,$18.10,$17.42
31,MAGDALENA,SONORA,SANTA CRUZ,$16.23,$18.10,$17.42
31,MAGDALENA,SONORA,TUBUTAMA,$16.23,$18.10,$17.42
31,MAGDALENA,SONORA,IMURIS,$16.23,$18.10,$17.42
31,MAGDALENA,SONORA,SANTA ANA,$16.23,$18.10,$17.42
31,MAGDALENA,SONORA,MAGDALENA,$16.23,$18.10,$17.42
32,MANTE,TAMAULIPAS,OCAMPO,$15.63,$17.40,$16.70
32,MANTE,TAMAULIPAS,XICOTENCATL,$15.63,$17.40,$16.70
32,MANTE,TAMAULIPAS,ANTIGUO MORELOS,$15.63,$17.40,$16.70
32,MANTE,TAMAULIPAS,EL MANTE,$15.63,$17.40,$16.70
32,MANTE,SAN LUIS POTOSÍ,EL NARANJO,$15.63,$17.40,$16.70
33,MANZANILLO,COLIMA,CIHUATLAN,$15.95,$17.71,$17.02
33,MANZANILLO,COLIMA,CUAUTITLAN DE GARCÍA BARRAGÁN,$15.95,$17.71,$17.02
33,MANZANILLO,COLIMA,LA HUERTA,$15.95,$17.71,$17.02
33,MANZANILLO,COLIMA,AQUILA,$15.95,$17.71,$17.02
33,MANZANILLO,COLIMA,COAHUAYANA,$15.95,$17.71,$17.02
33,MANZANILLO,COLIMA,ARMERIA,$15.95,$17.71,$17.02
33,MANZANILLO,COLIMA,IXTLAHUACAN,$15.95,$17.71,$17.02
33,MANZANILLO,COLIMA,MANZANILLO,$15.95,$17.71,$17.02
33,MANZANILLO,COLIMA,MINATITLAN,$15.95,$17.71,$17.02
33,MANZANILLO,COLIMA,TECOMAN,$15.95,$17.71,$17.02
34,MATEHUALA,SAN LUIS POTOSÍ,CATORCE,$15.97,$17.75,$17.05
34,MATEHUALA,SAN LUIS POTOSÍ,VILLA DE GUADALUPE,$15.97,$17.75,$17.05
34,MATEHUALA,SAN LUIS POTOSÍ,VANEGAS,$15.97,$17.75,$17.05
34,MATEHUALA,SAN LUIS POTOSÍ,CEDRAL,$15.97,$17.75,$17.05
34,MATEHUALA,SAN LUIS POTOSÍ,MATEHUALA,$15.97,$17.75,$17.05
34,MATEHUALA,SAN LUIS POTOSÍ,VILLA DE LA PAZ,$15.97,$17.75,$17.05
34,MATEHUALA,NUEVO LEÓN,MIER Y NORIEGA,$15.97,$17.75,$17.05
34,MATEHUALA,NUEVO LEÓN,DOCTOR ARROYO,$15.97,$17.75,$17.05
35,MAZATLAN,SINALOA,ELOTA,$15.94,$17.71,$17.04
35,MAZATLAN,SINALOA,ESCUINAPA,$15.94,$17.71,$17.04
35,MAZATLAN,SINALOA,ROSARIO,$15.94,$17.71,$17.04
35,MAZATLAN,SINALOA,CONCORDIA,$15.94,$17.71,$17.04
35,MAZATLAN,SINALOA,MAZATLAN,$15.94,$17.71,$17.04
35,MAZATLAN,NAYARIT,TUXPAN,$15.94,$17.71,$17.04
36,MERIDA,YUCATÁN,RIO LAGARTOS,$15.42,$17.19,$16.49
36,MERIDA,YUCATÁN,CHEMAX,$15.42,$17.19,$16.49
36,MERIDA,YUCATÁN,ESPITA,$15.42,$17.19,$16.49
36,MERIDA,YUCATÁN,TEMOZON,$15.42,$17.19,$16.49
36,MERIDA,YUCATÁN,VALLADOLID,$15.42,$17.19,$16.49
36,MERIDA,YUCATÁN,PETO,$15.42,$17.19,$16.49
36,MERIDA,YUCATÁN,TZUCACAB,$15.42,$17.19,$16.49
36,MERIDA,YUCATÁN,TINUM,$15.42,$17.19,$16.49
36,MERIDA,YUCATÁN,DZILAM DE BRAVO,$15.42,$17.19,$16.49
36,MERIDA,YUCATÁN,TEKAX,$15.42,$17.19,$16.49
36,MERIDA,YUCATÁN,OXKUTZCAB,$15.42,$17.19,$16.49
36,MERIDA,YUCATÁN,AKIL,$15.42,$17.19,$16.49
36,MERIDA,YUCATÁN,CACALCHEN,$15.42,$17.19,$16.49
36,MERIDA,YUCATÁN,CHUMAYEL,$15.42,$17.19,$16.49
36,MERIDA,YUCATÁN,IZAMAL,$15.42,$17.19,$16.49
36,MERIDA,YUCATÁN,CANSAHCAB,$15.42,$17.19,$16.49
36,MERIDA,YUCATÁN,CELESTUN,$15.42,$17.19,$16.49
36,MERIDA,YUCATÁN,TELCHAC PUEBLO,$15.42,$17.19,$16.49
36,MERIDA,YUCATÁN,TICUL,$15.42,$17.19,$16.49
36,MERIDA,YUCATÁN,MAXCANU,$15.42,$17.19,$16.49
36,MERIDA,YUCATÁN,SUMA,$15.42,$17.19,$16.49
36,MERIDA,YUCATÁN,TEKANTO,$15.42,$17.19,$16.49
36,MERIDA,YUCATÁN,MOTUL,$15.42,$17.19,$16.49
36,MERIDA,YUCATÁN,HOCTUN,$15.42,$17.19,$16.49
36,MERIDA,YUCATÁN,MUNA,$15.42,$17.19,$16.49
36,MERIDA,YUCATÁN,KOPOMA,$15.42,$17.19,$16.49
36,MERIDA,YUCATÁN,HUNUCMA,$15.42,$17.19,$16.49
36,MERIDA,YUCATÁN,TIXKOKOB,$15.42,$17.19,$16.49
36,MERIDA,YUCATÁN,ACANCEH,$15.42,$17.19,$16.49
36,MERIDA,YUCATÁN,KINCHIL,$15.42,$17.19,$16.49
36,MERIDA,YUCATÁN,KANASIN,$15.42,$17.19,$16.49
36,MERIDA,YUCATÁN,MERIDA,$15.42,$17.19,$16.49
36,MERIDA,YUCATÁN,MAYAPAN,$15.42,$17.19,$16.49
36,MERIDA,YUCATÁN,UMAN,$15.42,$17.19,$16.49
36,MERIDA,QUINTANA ROO,JOSE MARIA MORELOS,$15.42,$17.19,$16.49
37,MEXICALI,SONORA,SAN LUIS RIO COLORADO,$16.17,$17.95,$17.29
37,MEXICALI,BAJA CALIFORNIA,TECATE,$16.17,$17.95,$17.29
37,MEXICALI,BAJA CALIFORNIA,MEXICALI,$16.17,$17.95,$17.29
38,MINATITLAN,VERACRUZ DE IGNACIO DE LA LLAVE,SAYULA DE ALEMAN,$15.45,$17.22,$16.52
38,MINATITLAN,VERACRUZ DE IGNACIO DE LA LLAVE,CHINAMECA,$15.45,$17.22,$16.52
38,MINATITLAN,VERACRUZ DE IGNACIO DE LA LLAVE,ACAYUCAN,$15.45,$17.22,$16.52
38,MINATITLAN,VERACRUZ DE IGNACIO DE LA LLAVE,ZARAGOZA,$15.45,$17.22,$16.52
38,MINATITLAN,VERACRUZ DE IGNACIO DE LA LLAVE,MECAYAPAN,$15.45,$17.22,$16.52
38,MINATITLAN,VERACRUZ DE IGNACIO DE LA LLAVE,MINATITLAN,$15.45,$17.22,$16.52
38,MINATITLAN,VERACRUZ DE IGNACIO DE LA LLAVE,TEXISTEPEC,$15.45,$17.22,$16.52
39,MONCLOVA,COAHUILA DE ZARAGOZA,ESCOBEDO,$16.03,$17.80,$17.10
39,MONCLOVA,COAHUILA DE ZARAGOZA,SACRAMENTO,$16.03,$17.80,$17.10
39,MONCLOVA,COAHUILA DE ZARAGOZA,CASTAÑOS,$16.03,$17.80,$17.10
39,MONCLOVA,COAHUILA DE ZARAGOZA,NADADORES,$16.03,$17.80,$17.10
39,MONCLOVA,COAHUILA DE ZARAGOZA,SAN BUENAVENTURA,$16.03,$17.80,$17.10
39,MONCLOVA,COAHUILA DE ZARAGOZA,MONCLOVA,$16.03,$17.80,$17.10
39,MONCLOVA,COAHUILA DE ZARAGOZA,FRONTERA,$16.03,$17.80,$17.10
40,MORELIA,MICHOACÁN DE OCAMPO,IRIMBO,$16.14,$17.91,$17.21
40,MORELIA,MICHOACÁN DE OCAMPO,SALVADOR ESCALANTE,$16.14,$17.91,$17.21
40,MORELIA,MICHOACÁN DE OCAMPO,ERONGARICUARO,$16.14,$17.91,$17.21
40,MORELIA,MICHOACÁN DE OCAMPO,MARAVATIO,$16.14,$17.91,$17.21
40,MORELIA,MICHOACÁN DE OCAMPO,TZITZIO,$16.14,$17.91,$17.21
40,MORELIA,MICHOACÁN DE OCAMPO,ANGAMACUTIRO,$16.14,$17.91,$17.21
40,MORELIA,MICHOACÁN DE OCAMPO,PATZCUARO,$16.14,$17.91,$17.21
40,MORELIA,MICHOACÁN DE OCAMPO,HIDALGO,$16.14,$17.91,$17.21
40,MORELIA,MICHOACÁN DE OCAMPO,MADERO,$16.14,$17.91,$17.21
40,MORELIA,MICHOACÁN DE OCAMPO,PURUANDIRO,$16.14,$17.91,$17.21
40,MORELIA,MICHOACÁN DE OCAMPO,TZINTZUNTZAN,$16.14,$17.91,$17.21
40,MORELIA,MICHOACÁN DE OCAMPO,HUIRAMBA,$16.14,$17.91,$17.21
40,MORELIA,MICHOACÁN DE OCAMPO,QUIROGA,$16.14,$17.91,$17.21
40,MORELIA,MICHOACÁN DE OCAMPO,LAGUNILLAS,$16.14,$17.91,$17.21
40,MORELIA,MICHOACÁN DE OCAMPO,ACUITZIO,$16.14,$17.91,$17.21
40,MORELIA,MICHOACÁN DE OCAMPO,QUERENDARO,$16.14,$17.91,$17.21
40,MORELIA,MICHOACÁN DE OCAMPO,ZINAPECUARO,$16.14,$17.91,$17.21
40,MORELIA,MICHOACÁN DE OCAMPO,MORELOS,$16.14,$17.91,$17.21
40,MORELIA,MICHOACÁN DE OCAMPO,COENEO,$16.14,$17.91,$17.21
40,MORELIA,MICHOACÁN DE OCAMPO,HUANIQUEO,$16.14,$17.91,$17.21
40,MORELIA,MICHOACÁN DE OCAMPO,INDAPARAPEO,$16.14,$17.91,$17.21
40,MORELIA,MICHOACÁN DE OCAMPO,SANTA ANA MAYA,$16.14,$17.91,$17.21
40,MORELIA,MICHOACÁN DE OCAMPO,CHARO,$16.14,$17.91,$17.21
40,MORELIA,MICHOACÁN DE OCAMPO,HUANDACAREO,$16.14,$17.91,$17.21
40,MORELIA,MICHOACÁN DE OCAMPO,ALVARO OBREGON,$16.14,$17.91,$17.21
40,MORELIA,MICHOACÁN DE OCAMPO,MORELIA,$16.14,$17.91,$17.21
40,MORELIA,MICHOACÁN DE OCAMPO,TARIMBARO,$16.14,$17.91,$17.21
40,MORELIA,MICHOACÁN DE OCAMPO,CUITZEO,$16.14,$17.91,$17.21
40,MORELIA,GUANAJUATO,URIANGATO,$16.14,$17.91,$17.21
40,MORELIA,GUANAJUATO,MOROLEON,$16.14,$17.91,$17.21
41,NAVOJOA,SONORA,HUATABAMPO,$16.23,$18.00,$17.33
41,NAVOJOA,SONORA,ETCHOJOA,$16.23,$18.00,$17.33
41,NAVOJOA,SONORA,NAVOJOA,$16.23,$18.00,$17.33
42,NOGALES,SONORA,AGUA PRIETA,$16.23,$18.15,$17.48
42,NOGALES,SONORA,NOGALES,$16.23,$18.15,$17.48
43,NUEVO LAREDO,TAMAULIPAS,NUEVO LAREDO,$16.03,$17.80,$17.10
44,OAXACA,OAXACA,SANTA MARIA LA ASUNCION,$15.91,$17.68,$16.99
44,OAXACA,OAXACA,HEROICA CIUDAD DE TLAXIACO,$15.91,$17.68,$16.99
44,OAXACA,OAXACA,SAN JUAN TEPOSCOLULA,$15.91,$17.68,$16.99
44,OAXACA,OAXACA,SAN JUAN LACHAO,$15.91,$17.68,$16.99
44,OAXACA,OAXACA,TAMAZULAPAM DEL ESPIRITU SANTO,$15.91,$17.68,$16.99
44,OAXACA,OAXACA,VILLA DE CHILAPA DE DIAZ,$15.91,$17.68,$16.99
44,OAXACA,OAXACA,SANTO DOMINGO TEOJOMULCO,$15.91,$17.68,$16.99
44,OAXACA,OAXACA,TEPELMEME VILLA DE MORELOS,$15.91,$17.68,$16.99
44,OAXACA,OAXACA,VILLA TEJUPAM DE LA UNION,$15.91,$17.68,$16.99
44,OAXACA,OAXACA,ASUNCION NOCHIXTLAN,$15.91,$17.68,$16.99
44,OAXACA,OAXACA,MIAHUATLAN DE PORFIRIO DIAZ,$15.91,$17.68,$16.99
44,OAXACA,OAXACA,SANTA MARIA LACHIXIO,$15.91,$17.68,$16.99
44,OAXACA,OAXACA,IXTLAN DE JUAREZ,$15.91,$17.68,$16.99
44,OAXACA,OAXACA,SAN PEDRO Y SAN PABLO AYUTLA,$15.91,$17.68,$16.99
44,OAXACA,OAXACA,HEROICA CIUDAD DE EJUTLA DE CRESPO,$15.91,$17.68,$16.99
44,OAXACA,OAXACA,ZIMATLAN DE ALVAREZ,$15.91,$17.68,$16.99
44,OAXACA,OAXACA,AYOQUEZCO DE ALDAMA,$15.91,$17.68,$16.99
44,OAXACA,OAXACA,SAN PEDRO APOSTOL,$15.91,$17.68,$16.99
44,OAXACA,OAXACA,SANTA CRUZ MIXTEPEC,$15.91,$17.68,$16.99
44,OAXACA,OAXACA,SAN PABLO HUITZO,$15.91,$17.68,$16.99
44,OAXACA,OAXACA,SAN DIONISIO OCOTEPEC,$15.91,$17.68,$16.99
44,OAXACA,OAXACA,SAN DIONISIO OCOTLAN,$15.91,$17.68,$16.99
44,OAXACA,OAXACA,OCOTLAN DE MORELOS,$15.91,$17.68,$16.99
44,OAXACA,OAXACA,SAN PABLO HUIXTEPEC,$15.91,$17.68,$16.99
44,OAXACA,OAXACA,MAGDALENA APASCO,$15.91,$17.68,$16.99
44,OAXACA,OAXACA,VILLA DE ETLA,$15.91,$17.68,$16.99
44,OAXACA,OAXACA,SAN LORENZO CACAOTEPEC,$15.91,$17.68,$16.99
44,OAXACA,OAXACA,SAN BARTOLO COYOTEPEC,$15.91,$17.68,$16.99
44,OAXACA,OAXACA,SAN PABLO VILLA DE MITLA,$15.91,$17.68,$16.99
44,OAXACA,OAXACA,CUILAPAM DE GUERRERO,$15.91,$17.68,$16.99
44,OAXACA,OAXACA,OAXACA DE JUAREZ,$15.91,$17.68,$16.99
44,OAXACA,OAXACA,SAN ANTONIO DE LA CAL,$15.91,$17.68,$16.99
44,OAXACA,OAXACA,SAN FRANCISCO LACHIGOLO,$15.91,$17.68,$16.99
44,OAXACA,OAXACA,SAN JACINTO AMILPAS,$15.91,$17.68,$16.99
44,OAXACA,OAXACA,SANTA CRUZ XOXOCOTLAN,$15.91,$17.68,$16.99
44,OAXACA,OAXACA,SANTA LUCIA DEL CAMINO,$15.91,$17.68,$16.99
44,OAXACA,OAXACA,SANTA MARIA DEL TULE,$15.91,$17.68,$16.99
44,OAXACA,OAXACA,TEOTITLAN DEL VALLE,$15.91,$17.68,$16.99
44,OAXACA,OAXACA,TLACOLULA DE MATAMOROS,$15.91,$17.68,$16.99
45,OBREGON,SONORA,BENITO JUAREZ,$16.08,$17.86,$17.18
45,OBREGON,SONORA,BACUM,$16.08,$17.86,$17.18
45,OBREGON,SONORA,CAJEME,$16.08,$17.86,$17.18
45,OBREGON,SONORA,GENERAL PLUTARCO ELIAS CALLES,$16.08,$17.86,$17.18
46,PACHUCA,TLAXCALA,CALPULALPAN,$15.79,$17.56,$16.89
46,PACHUCA,ESTADO DE MÉXICO,ZUMPANGO,$15.79,$17.56,$16.89
46,PACHUCA,ESTADO DE MÉXICO,TEOTIHUACAN,$15.79,$17.56,$16.89
46,PACHUCA,ESTADO DE MÉXICO,SAN MARTIN DE LAS PIRAMIDES,$15.79,$17.56,$16.89
46,PACHUCA,ESTADO DE MÉXICO,OTUMBA,$15.79,$17.56,$16.89
46,PACHUCA,ESTADO DE MÉXICO,AXAPUSCO,$15.79,$17.56,$16.89
46,PACHUCA,ESTADO DE MÉXICO,TEMASCALAPA,$15.79,$17.56,$16.89
46,PACHUCA,HIDALGO,ACAXOCHITLAN,$15.79,$17.56,$16.89
46,PACHUCA,HIDALGO,IXMIQUILPAN,$15.79,$17.56,$16.89
46,PACHUCA,HIDALGO,CUAUTEPEC DE HINOJOSA,$15.79,$17.56,$16.89
46,PACHUCA,HIDALGO,APAN,$15.79,$17.56,$16.89
46,PACHUCA,HIDALGO,ALMOLOYA,$15.79,$17.56,$16.89
46,PACHUCA,HIDALGO,EMILIANO ZAPATA,$15.79,$17.56,$16.89
46,PACHUCA,HIDALGO,FRANCISCO I MADERO,$15.79,$17.56,$16.89
46,PACHUCA,HIDALGO,SANTIAGO DE ANAYA,$15.79,$17.56,$16.89
46,PACHUCA,HIDALGO,SAN SALVADOR,$15.79,$17.56,$16.89
46,PACHUCA,HIDALGO,ATOTONILCO EL GRANDE,$15.79,$17.56,$16.89
46,PACHUCA,HIDALGO,TEPEAPULCO,$15.79,$17.56,$16.89
46,PACHUCA,HIDALGO,TULANCINGO DE BRAVO,$15.79,$17.56,$16.89
46,PACHUCA,HIDALGO,HUICHAPAN,$15.79,$17.56,$16.89
46,PACHUCA,HIDALGO,SANTIAGO TULANTEPEC DE LUGO GUERRERO,$15.79,$17.56,$16.89
46,PACHUCA,HIDALGO,HUASCA DE OCAMPO,$15.79,$17.56,$16.89
46,PACHUCA,HIDALGO,TLANALAPA,$15.79,$17.56,$16.89
46,PACHUCA,HIDALGO,TIZAYUCA,$15.79,$17.56,$16.89
46,PACHUCA,HIDALGO,EL ARENAL,$15.79,$17.56,$16.89
46,PACHUCA,HIDALGO,ACTOPAN,$15.79,$17.56,$16.89
46,PACHUCA,HIDALGO,SINGUILUCAN,$15.79,$17.56,$16.89
46,PACHUCA,HIDALGO,TOLCAYUCA,$15.79,$17.56,$16.89
46,PACHUCA,HIDALGO,ZEMPOALA,$15.79,$17.56,$16.89
46,PACHUCA,HIDALGO,EPAZOYUCAN,$15.79,$17.56,$16.89
46,PACHUCA,HIDALGO,ZAPOTLAN DE JUAREZ,$15.79,$17.56,$16.89
46,PACHUCA,HIDALGO,SAN AGUSTIN TLAXIACA,$15.79,$17.56,$16.89
46,PACHUCA,HIDALGO,MINERAL DE LA REFORMA,$15.79,$17.56,$16.89
46,PACHUCA,HIDALGO,MINERAL DEL MONTE,$15.79,$17.56,$16.89
46,PACHUCA,HIDALGO,PACHUCA DE SOTO,$15.79,$17.56,$16.89
47,PAJARITOS,VERACRUZ DE IGNACIO DE LA LLAVE,SAN JUAN EVANGELISTA,$15.40,$17.18,$16.48
47,PAJARITOS,VERACRUZ DE IGNACIO DE LA LLAVE,OLUTA,$15.40,$17.18,$16.48
47,PAJARITOS,VERACRUZ DE IGNACIO DE LA LLAVE,JALTIPAN,$15.40,$17.18,$16.48
47,PAJARITOS,VERACRUZ DE IGNACIO DE LA LLAVE,LAS CHOAPAS,$15.40,$17.18,$16.48
47,PAJARITOS,VERACRUZ DE IGNACIO DE LA LLAVE,AGUA DULCE,$15.40,$17.18,$16.48
47,PAJARITOS,VERACRUZ DE IGNACIO DE LA LLAVE,OTEAPAN,$15.40,$17.18,$16.48
47,PAJARITOS,VERACRUZ DE IGNACIO DE LA LLAVE,COATZACOALCOS,$15.40,$17.18,$16.48
47,PAJARITOS,VERACRUZ DE IGNACIO DE LA LLAVE,COSOLEACAQUE,$15.40,$17.18,$16.48
47,PAJARITOS,VERACRUZ DE IGNACIO DE LA LLAVE,IXHUATLAN DEL SURESTE,$15.40,$17.18,$16.48
47,PAJARITOS,VERACRUZ DE IGNACIO DE LA LLAVE,MOLOACAN,$15.40,$17.18,$16.48
47,PAJARITOS,VERACRUZ DE IGNACIO DE LA LLAVE,NANCHITAL DE LAZARO CARDENAS DEL RIO,$15.40,$17.18,$16.48
48,PARRAL,DURANGO,EL ORO,$16.35,$18.28,$17.58
48,PARRAL,DURANGO,HIDALGO,$16.35,$18.28,$17.58
48,PARRAL,DURANGO,OCAMPO,$16.35,$18.28,$17.58
48,PARRAL,CHIHUAHUA,BALLEZA,$16.35,$18.28,$17.58
48,PARRAL,CHIHUAHUA,JIMENEZ,$16.35,$18.28,$17.58
48,PARRAL,CHIHUAHUA,EL TULE,$16.35,$18.28,$17.58
48,PARRAL,CHIHUAHUA,VALLE DE ZARAGOZA,$16.35,$18.28,$17.58
48,PARRAL,CHIHUAHUA,ALLENDE,$16.35,$18.28,$17.58
48,PARRAL,CHIHUAHUA,MATAMOROS,$16.35,$18.28,$17.58
48,PARRAL,CHIHUAHUA,HIDALGO DEL PARRAL,$16.35,$18.28,$17.58
49,PEROTE,VERACRUZ DE IGNACIO DE LA LLAVE,JALACINGO,$15.71,$17.48,$16.78
49,PEROTE,VERACRUZ DE IGNACIO DE LA LLAVE,ALTOTONGA,$15.71,$17.48,$16.78
49,PEROTE,VERACRUZ DE IGNACIO DE LA LLAVE,PEROTE,$15.71,$17.48,$16.78
49,PEROTE,VERACRUZ DE IGNACIO DE LA LLAVE,LAS VIGAS DE RAMIREZ,$15.71,$17.48,$16.78
49,PEROTE,TLAXCALA,EL CARMEN TEQUEXQUITLA,$15.71,$17.48,$16.78
49,PEROTE,PUEBLA,ATEMPAN,$15.71,$17.48,$16.78
49,PEROTE,PUEBLA,ZACAPOAXTLA,$15.71,$17.48,$16.78
49,PEROTE,PUEBLA,TLATLAUQUITEPEC,$15.71,$17.48,$16.78
49,PEROTE,PUEBLA,QUIMIXTLAN,$15.71,$17.48,$16.78
49,PEROTE,PUEBLA,TLACHICHUCA,$15.71,$17.48,$16.78
49,PEROTE,PUEBLA,ACATENO,$15.71,$17.48,$16.78
49,PEROTE,PUEBLA,CUYOACO,$15.71,$17.48,$16.78
49,PEROTE,PUEBLA,LIBRES,$15.71,$17.48,$16.78
49,PEROTE,PUEBLA,ORIENTAL,$15.71,$17.48,$16.78
49,PEROTE,PUEBLA,LAFRAGUA,$15.71,$17.48,$16.78
49,PEROTE,PUEBLA,SAN SALVADOR EL SECO,$15.71,$17.48,$16.78
49,PEROTE,PUEBLA,GUADALUPE VICTORIA,$15.71,$17.48,$16.78
49,PEROTE,PUEBLA,XIUTETELCO,$15.71,$17.48,$16.78
49,PEROTE,PUEBLA,TEPEYAHUALCO,$15.71,$17.48,$16.78
50,POZA RICA,VERACRUZ DE IGNACIO DE LA LLAVE,NAUTLA,$15.48,$17.25,$16.57
50,POZA RICA,VERACRUZ DE IGNACIO DE LA LLAVE,TAMIAHUA,$15.48,$17.25,$16.57
50,POZA RICA,VERACRUZ DE IGNACIO DE LA LLAVE,MARTINEZ DE LA TORRE,$15.48,$17.25,$16.57
50,POZA RICA,VERACRUZ DE IGNACIO DE LA LLAVE,COYUTLA,$15.48,$17.25,$16.57
50,POZA RICA,VERACRUZ DE IGNACIO DE LA LLAVE,TECOLUTLA,$15.48,$17.25,$16.57
50,POZA RICA,VERACRUZ DE IGNACIO DE LA LLAVE,ALAMO TEMAPACHE,$15.48,$17.25,$16.57
50,POZA RICA,VERACRUZ DE IGNACIO DE LA LLAVE,TUXPAN,$15.48,$17.25,$16.57
50,POZA RICA,VERACRUZ DE IGNACIO DE LA LLAVE,ESPINAL,$15.48,$17.25,$16.57
50,POZA RICA,VERACRUZ DE IGNACIO DE LA LLAVE,GUTIERREZ ZAMORA,$15.48,$17.25,$16.57
50,POZA RICA,VERACRUZ DE IGNACIO DE LA LLAVE,CERRO AZUL,$15.48,$17.25,$16.57
50,POZA RICA,VERACRUZ DE IGNACIO DE LA LLAVE,CASTILLO DE TEAYO,$15.48,$17.25,$16.57
50,POZA RICA,VERACRUZ DE IGNACIO DE LA LLAVE,CAZONES DE HERRERA,$15.48,$17.25,$16.57
50,POZA RICA,VERACRUZ DE IGNACIO DE LA LLAVE,PAPANTLA,$15.48,$17.25,$16.57
50,POZA RICA,VERACRUZ DE IGNACIO DE LA LLAVE,TIHUATLAN,$15.48,$17.25,$16.57
50,POZA RICA,VERACRUZ DE IGNACIO DE LA LLAVE,COATZINTLA,$15.48,$17.25,$16.57
50,POZA RICA,VERACRUZ DE IGNACIO DE LA LLAVE,POZA RICA DE HIDALGO,$15.48,$17.25,$16.57
50,POZA RICA,PUEBLA,HUAUCHINANGO,$15.48,$17.25,$16.57
50,POZA RICA,PUEBLA,XICOTEPEC,$15.48,$17.25,$16.57
50,POZA RICA,PUEBLA,AYOTOXCO DE GUERRERO,$15.48,$17.25,$16.57
50,POZA RICA,PUEBLA,PANTEPEC,$15.48,$17.25,$16.57
50,POZA RICA,PUEBLA,VENUSTIANO CARRANZA,$15.48,$17.25,$16.57
51,PROGRESO,YUCATÁN,BUCTZOTZ,$15.34,$17.11,$16.41
51,PROGRESO,YUCATÁN,DZILAM GONZALEZ,$15.34,$17.11,$16.41
51,PROGRESO,YUCATÁN,DZIDZANTUN,$15.34,$17.11,$16.41
51,PROGRESO,YUCATÁN,MOCOCHA,$15.34,$17.11,$16.41
51,PROGRESO,YUCATÁN,TELCHAC PUERTO,$15.34,$17.11,$16.41
51,PROGRESO,YUCATÁN,CONKAL,$15.34,$17.11,$16.41
51,PROGRESO,YUCATÁN,PROGRESO,$15.34,$17.11,$16.41
52,PUEBLA,TLAXCALA,XALOZTOC,$15.78,$17.55,$16.85
52,PUEBLA,TLAXCALA,ATLANGATEPEC,$15.78,$17.55,$16.85
52,PUEBLA,TLAXCALA,HUAMANTLA,$15.78,$17.55,$16.85
52,PUEBLA,TLAXCALA,CUAPIAXTLA,$15.78,$17.55,$16.85
52,PUEBLA,TLAXCALA,TETLA DE LA SOLIDARIDAD,$15.78,$17.55,$16.85
52,PUEBLA,TLAXCALA,IXTACUIXTLA DE MARIANO MATAMOROS,$15.78,$17.55,$16.85
52,PUEBLA,TLAXCALA,APIZACO,$15.78,$17.55,$16.85
52,PUEBLA,TLAXCALA,TOTOLAC,$15.78,$17.55,$16.85
52,PUEBLA,TLAXCALA,YAUHQUEMEHCAN,$15.78,$17.55,$16.85
52,PUEBLA,TLAXCALA,TEPETITLA DE LARDIZABAL,$15.78,$17.55,$16.85
52,PUEBLA,TLAXCALA,SANTA CRUZ TLAXCALA,$15.78,$17.55,$16.85
52,PUEBLA,TLAXCALA,CHIAUTEMPAN,$15.78,$17.55,$16.85
52,PUEBLA,TLAXCALA,NATIVITAS,$15.78,$17.55,$16.85
52,PUEBLA,TLAXCALA,TETLATLAHUCA,$15.78,$17.55,$16.85
52,PUEBLA,TLAXCALA,HUEYOTLIPAN,$15.78,$17.55,$16.85
52,PUEBLA,TLAXCALA,TLAXCALA,$15.78,$17.55,$16.85
52,PUEBLA,TLAXCALA,TEPEYANCO,$15.78,$17.55,$16.85
52,PUEBLA,TLAXCALA,ACUAMANALA DE MIGUEL HIDALGO,$15.78,$17.55,$16.85
52,PUEBLA,TLAXCALA,ZACATELCO,$15.78,$17.55,$16.85
52,PUEBLA,TLAXCALA,PAPALOTLA DE XICOHTENCATL,$15.78,$17.55,$16.85
52,PUEBLA,TLAXCALA,SAN PABLO DEL MONTE,$15.78,$17.55,$16.85
52,PUEBLA,TLAXCALA,TENANCINGO,$15.78,$17.55,$16.85
52,PUEBLA,TLAXCALA,XICOHTZINCO,$15.78,$17.55,$16.85
52,PUEBLA,PUEBLA,YEHUALTEPEC,$15.78,$17.55,$16.85
52,PUEBLA,PUEBLA,MOLCAXAC,$15.78,$17.55,$16.85
52,PUEBLA,PUEBLA,TEPEOJUMA,$15.78,$17.55,$16.85
52,PUEBLA,PUEBLA,MAZAPILTEPEC DE JUAREZ,$15.78,$17.55,$16.85
52,PUEBLA,PUEBLA,TECAMACHALCO,$15.78,$17.55,$16.85
52,PUEBLA,PUEBLA,HUITZILTEPEC,$15.78,$17.55,$16.85
52,PUEBLA,PUEBLA,TOCHTEPEC,$15.78,$17.55,$16.85
52,PUEBLA,PUEBLA,SAN JOSE CHIAPA,$15.78,$17.55,$16.85
52,PUEBLA,PUEBLA,SAN SALVADOR HUIXCOLOTLA,$15.78,$17.55,$16.85
52,PUEBLA,PUEBLA,TLAHUAPAN,$15.78,$17.55,$16.85
52,PUEBLA,PUEBLA,ATLIXCO,$15.78,$17.55,$16.85
52,PUEBLA,PUEBLA,SANTO TOMAS HUEYOTLIPAN,$15.78,$17.55,$16.85
52,PUEBLA,PUEBLA,HUAQUECHULA,$15.78,$17.55,$16.85
52,PUEBLA,PUEBLA,CUAPIAXTLA DE MADERO,$15.78,$17.55,$16.85
52,PUEBLA,PUEBLA,ACATZINGO,$15.78,$17.55,$16.85
52,PUEBLA,PUEBLA,RAFAEL LARA GRAJALES,$15.78,$17.55,$16.85
52,PUEBLA,PUEBLA,SAN SALVADOR EL VERDE,$15.78,$17.55,$16.85
52,PUEBLA,PUEBLA,GENERAL FELIPE ANGELES,$15.78,$17.55,$16.85
52,PUEBLA,PUEBLA,SAN MATIAS TLALANCALECA,$15.78,$17.55,$16.85
52,PUEBLA,PUEBLA,TECALI DE HERRERA,$15.78,$17.55,$16.85
52,PUEBLA,PUEBLA,MIXTLA,$15.78,$17.55,$16.85
52,PUEBLA,PUEBLA,SAN MARTIN TEXMELUCAN,$15.78,$17.55,$16.85
52,PUEBLA,PUEBLA,LOS REYES DE JUAREZ,$15.78,$17.55,$16.85
52,PUEBLA,PUEBLA,OCOYUCAN,$15.78,$17.55,$16.85
52,PUEBLA,PUEBLA,SANTA ISABEL CHOLULA,$15.78,$17.55,$16.85
52,PUEBLA,PUEBLA,HUEJOTZINGO,$15.78,$17.55,$16.85
52,PUEBLA,PUEBLA,TEPEACA,$15.78,$17.55,$16.85
52,PUEBLA,PUEBLA,NEALTICAN,$15.78,$17.55,$16.85
52,PUEBLA,PUEBLA,SAN GREGORIO ATZOMPA,$15.78,$17.55,$16.85
52,PUEBLA,PUEBLA,ACAJETE,$15.78,$17.55,$16.85
52,PUEBLA,PUEBLA,SAN ANDRES CHOLULA,$15.78,$17.55,$16.85
52,PUEBLA,PUEBLA,SAN PEDRO CHOLULA,$15.78,$17.55,$16.85
52,PUEBLA,PUEBLA,TEPATLAXCO DE HIDALGO,$15.78,$17.55,$16.85
52,PUEBLA,PUEBLA,AMOZOC,$15.78,$17.55,$16.85
52,PUEBLA,PUEBLA,CUAUTLANCINGO,$15.78,$17.55,$16.85
52,PUEBLA,PUEBLA,CORONANGO,$15.78,$17.55,$16.85
52,PUEBLA,PUEBLA,PUEBLA,$15.78,$17.55,$16.85
53,QUERETARO,QUERÉTARO,TEQUISQUIAPAN,$16.02,$17.79,$17.09
53,QUERETARO,QUERÉTARO,CADEREYTA DE MONTES,$16.02,$17.79,$17.09
53,QUERETARO,QUERÉTARO,EZEQUIEL MONTES,$16.02,$17.79,$17.09
53,QUERETARO,QUERÉTARO,SAN JUAN DEL RIO,$16.02,$17.79,$17.09
53,QUERETARO,QUERÉTARO,COLON,$16.02,$17.79,$17.09
53,QUERETARO,QUERÉTARO,PEDRO ESCOBEDO,$16.02,$17.79,$17.09
53,QUERETARO,QUERÉTARO,HUIMILPAN,$16.02,$17.79,$17.09
53,QUERETARO,QUERÉTARO,EL MARQUES,$16.02,$17.79,$17.09
53,QUERETARO,QUERÉTARO,QUERETARO,$16.02,$17.79,$17.09
53,QUERETARO,QUERÉTARO,CORREGIDORA,$16.02,$17.79,$17.09
53,QUERETARO,GUANAJUATO,SAN DIEGO DE LA UNION,$16.02,$17.79,$17.09
53,QUERETARO,GUANAJUATO,SAN LUIS DE LA PAZ,$16.02,$17.79,$17.09
53,QUERETARO,GUANAJUATO,SANTA CATARINA,$16.02,$17.79,$17.09
53,QUERETARO,GUANAJUATO,VICTORIA,$16.02,$17.79,$17.09
53,QUERETARO,GUANAJUATO,SAN JOSE ITURBIDE,$16.02,$17.79,$17.09
53,QUERETARO,GUANAJUATO,CORONEO,$16.02,$17.79,$17.09
53,QUERETARO,GUANAJUATO,DOCTOR MORA,$16.02,$17.79,$17.09
54,REYNOSA,TAMAULIPAS,MATAMOROS,$15.80,$17.46,$16.95
54,REYNOSA,TAMAULIPAS,MIGUEL ALEMAN,$15.80,$17.46,$16.95
54,REYNOSA,TAMAULIPAS,CAMARGO,$15.80,$17.46,$16.95
54,REYNOSA,TAMAULIPAS,GUSTAVO DIAZ ORDAZ,$15.80,$17.46,$16.95
54,REYNOSA,TAMAULIPAS,RIO BRAVO,$15.80,$17.46,$16.95
54,REYNOSA,TAMAULIPAS,REYNOSA,$15.80,$17.46,$16.95
55,ROSARITO,BAJA CALIFORNIA,TIJUANA,$16.04,$17.81,$17.16
55,ROSARITO,BAJA CALIFORNIA,PLAYAS DE ROSARITO,$16.04,$17.81,$17.16
55,ROSARITO,BAJA CALIFORNIA,ROSARITO,$16.04,$17.81,$17.16
56,SABINAS,COAHUILA DE ZARAGOZA,PIEDRAS NEGRAS,$16.13,$17.90,$17.21
56,SABINAS,COAHUILA DE ZARAGOZA,NAVA,$16.13,$17.90,$17.21
56,SABINAS,COAHUILA DE ZARAGOZA,MORELOS,$16.13,$17.90,$17.21
56,SABINAS,COAHUILA DE ZARAGOZA,ALLENDE,$16.13,$17.90,$17.21
56,SABINAS,COAHUILA DE ZARAGOZA,SAN JUAN DE SABINAS,$16.13,$17.90,$17.21
56,SABINAS,COAHUILA DE ZARAGOZA,SABINAS,$16.13,$17.90,$17.21
57,SALINA CRUZ,OAXACA,SAN PEDRO TOTOLAPAM,$15.74,$17.51,$16.81
57,SALINA CRUZ,OAXACA,SANTOS REYES NOPALA,$15.74,$17.51,$16.81
57,SALINA CRUZ,OAXACA,SANTA MARIA TONAMECA,$15.74,$17.51,$16.81
57,SALINA CRUZ,OAXACA,SANTA MARIA HUATULCO,$15.74,$17.51,$16.81
57,SALINA CRUZ,OAXACA,SAN PEDRO TAPANATEPEC,$15.74,$17.51,$16.81
57,SALINA CRUZ,OAXACA,CANDELARIA LOXICHA,$15.74,$17.51,$16.81
57,SALINA CRUZ,OAXACA,SAN FRANCISCO IXHUATAN,$15.74,$17.51,$16.81
57,SALINA CRUZ,OAXACA,NEJAPA DE MADERO,$15.74,$17.51,$16.81
57,SALINA CRUZ,OAXACA,SAN JUAN GUICHICOVI,$15.74,$17.51,$16.81
57,SALINA CRUZ,OAXACA,MATIAS ROMERO AVENDAÑO,$15.74,$17.51,$16.81
57,SALINA CRUZ,OAXACA,SANTO DOMINGO ZANATEPEC,$15.74,$17.51,$16.81
57,SALINA CRUZ,OAXACA,SANTIAGO NILTEPEC,$15.74,$17.51,$16.81
57,SALINA CRUZ,OAXACA,SANTA MARIA PETAPA,$15.74,$17.51,$16.81
57,SALINA CRUZ,OAXACA,UNION HIDALGO,$15.74,$17.51,$16.81
57,SALINA CRUZ,OAXACA,SANTIAGO ASTATA,$15.74,$17.51,$16.81
57,SALINA CRUZ,OAXACA,ASUNCION IXTALTEPEC,$15.74,$17.51,$16.81
57,SALINA CRUZ,OAXACA,EL ESPINAL,$15.74,$17.51,$16.81
57,SALINA CRUZ,OAXACA,HEROICA CIUDAD DE JUCHITAN DE ZARAGOZA,$15.74,$17.51,$16.81
57,SALINA CRUZ,OAXACA,CIUDAD IXTEPEC,$15.74,$17.51,$16.81
57,SALINA CRUZ,OAXACA,SANTA MARIA JALAPA DEL MARQUES,$15.74,$17.51,$16.81
57,SALINA CRUZ,OAXACA,SALINA CRUZ,$15.74,$17.51,$16.81
57,SALINA CRUZ,OAXACA,SANTO DOMINGO TEHUANTEPEC,$15.74,$17.51,$16.81
57,SALINA CRUZ,CHIAPAS,PIJIJIAPAN,$15.74,$17.51,$16.81
57,SALINA CRUZ,CHIAPAS,TONALA,$15.74,$17.51,$16.81
57,SALINA CRUZ,CHIAPAS,ARRIAGA,$15.74,$17.51,$16.81
58,SALTILLO,NUEVO LEÓN,GALEANA,$15.98,$17.75,$17.05
58,SALTILLO,COAHUILA DE ZARAGOZA,GENERAL CEPEDA,$15.98,$17.75,$17.05
58,SALTILLO,COAHUILA DE ZARAGOZA,ARTEAGA,$15.98,$17.75,$17.05
58,SALTILLO,COAHUILA DE ZARAGOZA,SALTILLO,$15.98,$17.75,$17.05
58,SALTILLO,COAHUILA DE ZARAGOZA,RAMOS ARIZPE,$15.98,$17.75,$17.05
59,SAN JUAN IXHUATLÁN,ESTADO DE MÉXICO,NEXTLALPAN,$16.32,$18.20,$17.07
59,SAN JUAN IXHUATLÁN,ESTADO DE MÉXICO,TULTEPEC,$16.32,$18.20,$17.07
59,SAN JUAN IXHUATLÁN,ESTADO DE MÉXICO,TULTITLAN,$16.32,$18.20,$17.07
59,SAN JUAN IXHUATLÁN,ESTADO DE MÉXICO,SANTO TOMAS,$16.32,$18.20,$17.07
59,SAN JUAN IXHUATLÁN,ESTADO DE MÉXICO,ACOLMAN,$16.32,$18.20,$17.07
59,SAN JUAN IXHUATLÁN,ESTADO DE MÉXICO,COACALCO DE BERRIOZABAL,$16.32,$18.20,$17.07
59,SAN JUAN IXHUATLÁN,ESTADO DE MÉXICO,TEXCOCO,$16.32,$18.20,$17.07
59,SAN JUAN IXHUATLÁN,ESTADO DE MÉXICO,TECAMAC,$16.32,$18.20,$17.07
59,SAN JUAN IXHUATLÁN,ESTADO DE MÉXICO,ECATEPEC DE MORELOS,$16.32,$18.20,$17.07
59,SAN JUAN IXHUATLÁN,ESTADO DE MÉXICO,JALTENCO,$16.32,$18.20,$17.07
59,SAN JUAN IXHUATLÁN,CIUDAD DE MÉXICO,IZTAPALAPA,$16.32,$18.20,$17.07
60,SAN LUIS POTOSI,SAN LUIS POTOSÍ,VILLA HIDALGO,$15.81,$17.73,$16.88
60,SAN LUIS POTOSI,SAN LUIS POTOSÍ,AHUALULCO,$15.81,$17.73,$16.88
60,SAN LUIS POTOSI,SAN LUIS POTOSÍ,SANTA MARIA DEL RIO,$15.81,$17.73,$16.88
60,SAN LUIS POTOSI,SAN LUIS POTOSÍ,VILLA DE REYES,$15.81,$17.73,$16.88
60,SAN LUIS POTOSI,SAN LUIS POTOSÍ,MEXQUITIC DE CARMONA,$15.81,$17.73,$16.88
60,SAN LUIS POTOSI,SAN LUIS POTOSÍ,ZARAGOZA,$15.81,$17.73,$16.88
60,SAN LUIS POTOSI,SAN LUIS POTOSÍ,SAN LUIS POTOSI,$15.81,$17.73,$16.88
60,SAN LUIS POTOSI,SAN LUIS POTOSÍ,SOLEDAD DE GRACIANO SANCHEZ,$15.81,$17.73,$16.88
60,SAN LUIS POTOSI,GUANAJUATO,SAN FELIPE,$15.81,$17.73,$16.88
61,SANTA CATARINA,NUEVO LEÓN,APODACA,$16.31,$18.19,$17.03
61,SANTA CATARINA,NUEVO LEÓN,SAN NICOLAS DE LOS GARZA,$16.31,$18.19,$17.03
61,SANTA CATARINA,NUEVO LEÓN,GENERAL ESCOBEDO,$16.31,$18.19,$17.03
61,SANTA CATARINA,NUEVO LEÓN,GUADALUPE,$16.31,$18.19,$17.03
61,SANTA CATARINA,NUEVO LEÓN,JUAREZ,$16.31,$18.19,$17.03
61,SANTA CATARINA,NUEVO LEÓN,MONTERREY,$16.31,$18.19,$17.03
61,SANTA CATARINA,NUEVO LEÓN,GARCIA,$16.31,$18.19,$17.03
61,SANTA CATARINA,NUEVO LEÓN,SAN PEDRO GARZA GARCIA,$16.31,$18.19,$17.03
61,SANTA CATARINA,NUEVO LEÓN,SANTA CATARINA,$16.31,$18.19,$17.03
62,TAPACHULA,CHIAPAS,VILLA COMALTITLAN,$15.95,$17.72,$17.02
62,TAPACHULA,CHIAPAS,SUCHIATE,$15.95,$17.72,$17.02
62,TAPACHULA,CHIAPAS,HUIXTLA,$15.95,$17.72,$17.02
62,TAPACHULA,CHIAPAS,CACAHOATAN,$15.95,$17.72,$17.02
62,TAPACHULA,CHIAPAS,FRONTERA HIDALGO,$15.95,$17.72,$17.02
62,TAPACHULA,CHIAPAS,MAZATAN,$15.95,$17.72,$17.02
62,TAPACHULA,CHIAPAS,HUEHUETAN,$15.95,$17.72,$17.02
62,TAPACHULA,CHIAPAS,TAPACHULA,$15.95,$17.72,$17.02
62,TAPACHULA,CHIAPAS,TUXTLA CHICO,$15.95,$17.72,$17.02
63,TEHUACAN,PUEBLA,ATZITZIHUACAN,$15.77,$17.54,$16.84
63,TEHUACAN,PUEBLA,COXCATLAN,$15.77,$17.54,$16.84
63,TEHUACAN,PUEBLA,TLACOTEPEC DE BENITO JUAREZ,$15.77,$17.54,$16.84
63,TEHUACAN,PUEBLA,ESPERANZA,$15.77,$17.54,$16.84
63,TEHUACAN,PUEBLA,VICENTE GUERRERO,$15.77,$17.54,$16.84
63,TEHUACAN,PUEBLA,ZAPOTITLAN,$15.77,$17.54,$16.84
63,TEHUACAN,PUEBLA,ZINACATEPEC,$15.77,$17.54,$16.84
63,TEHUACAN,PUEBLA,AJALPAN,$15.77,$17.54,$16.84
63,TEHUACAN,PUEBLA,SAN GABRIEL CHILAC,$15.77,$17.54,$16.84
63,TEHUACAN,PUEBLA,ALTEPEXI,$15.77,$17.54,$16.84
63,TEHUACAN,PUEBLA,CAÑADA MORELOS,$15.77,$17.54,$16.84
63,TEHUACAN,PUEBLA,TEPANCO DE LOPEZ,$15.77,$17.54,$16.84
63,TEHUACAN,PUEBLA,TEHUACAN,$15.77,$17.54,$16.84
63,TEHUACAN,PUEBLA,CHAPULCO,$15.77,$17.54,$16.84
63,TEHUACAN,PUEBLA,SANTIAGO MIAHUATLAN,$15.77,$17.54,$16.84
63,TEHUACAN,OAXACA,SAN SEBASTIAN TECOMAXTLAHUACA,$15.77,$17.54,$16.84
63,TEHUACAN,OAXACA,HEROICA CIUDAD DE HUAJUAPAN DE LEON,$15.77,$17.54,$16.84
63,TEHUACAN,OAXACA,TEOTITLAN DE FLORES MAGON,$15.77,$17.54,$16.84
63,TEHUACAN,OAXACA,SANTIAGO CHAZUMBA,$15.77,$17.54,$16.84
64,TEPIC,NAYARIT,ROSAMORADA,$16.33,$18.10,$17.43
64,TEPIC,NAYARIT,BAHIA DE BANDERAS,$16.33,$18.10,$17.43
64,TEPIC,NAYARIT,COMPOSTELA,$16.33,$18.10,$17.43
64,TEPIC,NAYARIT,IXTLAN DEL RIO,$16.33,$18.10,$17.43
64,TEPIC,NAYARIT,SAN BLAS,$16.33,$18.10,$17.43
64,TEPIC,NAYARIT,SAN PEDRO LAGUNILLAS,$16.33,$18.10,$17.43
64,TEPIC,NAYARIT,JALA,$16.33,$18.10,$17.43
64,TEPIC,NAYARIT,RUIZ,$16.33,$18.10,$17.43
64,TEPIC,NAYARIT,SANTIAGO IXCUINTLA,$16.33,$18.10,$17.43
64,TEPIC,NAYARIT,SANTA MARIA DEL ORO,$16.33,$18.10,$17.43
64,TEPIC,NAYARIT,TEPIC,$16.33,$18.10,$17.43
64,TEPIC,NAYARIT,XALISCO,$16.33,$18.10,$17.43
65,TIERRA BLANCA,VERACRUZ DE IGNACIO DE LA LLAVE,AMATITLAN,$15.61,$17.38,$16.68
65,TIERRA BLANCA,VERACRUZ DE IGNACIO DE LA LLAVE,CARRILLO PUERTO,$15.61,$17.38,$16.68
65,TIERRA BLANCA,VERACRUZ DE IGNACIO DE LA LLAVE,COSAMALOAPAN DE CARPIO,$15.61,$17.38,$16.68
65,TIERRA BLANCA,VERACRUZ DE IGNACIO DE LA LLAVE,JOSE AZUETA,$15.61,$17.38,$16.68
65,TIERRA BLANCA,VERACRUZ DE IGNACIO DE LA LLAVE,TLACOJALPAN,$15.61,$17.38,$16.68
65,TIERRA BLANCA,VERACRUZ DE IGNACIO DE LA LLAVE,TEZONAPA,$15.61,$17.38,$16.68
65,TIERRA BLANCA,VERACRUZ DE IGNACIO DE LA LLAVE,COTAXTLA,$15.61,$17.38,$16.68
65,TIERRA BLANCA,VERACRUZ DE IGNACIO DE LA LLAVE,TRES VALLES,$15.61,$17.38,$16.68
65,TIERRA BLANCA,VERACRUZ DE IGNACIO DE LA LLAVE,TIERRA BLANCA,$15.61,$17.38,$16.68
65,TIERRA BLANCA,OAXACA,LOMA BONITA,$15.61,$17.38,$16.68
65,TIERRA BLANCA,OAXACA,SAN JOSE CHILTEPEC,$15.61,$17.38,$16.68
65,TIERRA BLANCA,OAXACA,SAN JUAN BAUTISTA TUXTEPEC,$15.61,$17.38,$16.68
65,TIERRA BLANCA,OAXACA,ACATLAN DE PEREZ FIGUEROA,$15.61,$17.38,$16.68
65,TIERRA BLANCA,OAXACA,COSOLAPA,$15.61,$17.38,$16.68
65,TIERRA BLANCA,OAXACA,SAN MIGUEL SOYALTEPEC,$15.61,$17.38,$16.68
66,TOLUCA,MICHOACÁN DE OCAMPO,TLALPUJAHUA,$15.97,$17.74,$17.04
66,TOLUCA,MICHOACÁN DE OCAMPO,CONTEPEC,$15.97,$17.74,$17.04
66,TOLUCA,MICHOACÁN DE OCAMPO,ZITACUARO,$15.97,$17.74,$17.04
66,TOLUCA,MICHOACÁN DE OCAMPO,JUAREZ,$15.97,$17.74,$17.04
66,TOLUCA,ESTADO DE MÉXICO,ZACAZONAPAN,$15.97,$17.74,$17.04
66,TOLUCA,ESTADO DE MÉXICO,TEMASCALCINGO,$15.97,$17.74,$17.04
66,TOLUCA,ESTADO DE MÉXICO,SULTEPEC,$15.97,$17.74,$17.04
66,TOLUCA,ESTADO DE MÉXICO,TEJUPILCO,$15.97,$17.74,$17.04
66,TOLUCA,ESTADO DE MÉXICO,VALLE DE BRAVO,$15.97,$17.74,$17.04
66,TOLUCA,ESTADO DE MÉXICO,COATEPEC HARINAS,$15.97,$17.74,$17.04
66,TOLUCA,ESTADO DE MÉXICO,ACAMBAY DE RUIZ CASTAÑEDA,$15.97,$17.74,$17.04
66,TOLUCA,ESTADO DE MÉXICO,SAN FELIPE DEL PROGRESO,$15.97,$17.74,$17.04
66,TOLUCA,ESTADO DE MÉXICO,ALMOLOYA DE ALQUISIRAS,$15.97,$17.74,$17.04
66,TOLUCA,ESTADO DE MÉXICO,IXTAPAN DE LA SAL,$15.97,$17.74,$17.04
66,TOLUCA,ESTADO DE MÉXICO,TEXCALTITLAN,$15.97,$17.74,$17.04
66,TOLUCA,ESTADO DE MÉXICO,VILLA DE ALLENDE,$15.97,$17.74,$17.04
66,TOLUCA,ESTADO DE MÉXICO,TONATICO,$15.97,$17.74,$17.04
66,TOLUCA,ESTADO DE MÉXICO,AMANALCO,$15.97,$17.74,$17.04
66,TOLUCA,ESTADO DE MÉXICO,EL ORO,$15.97,$17.74,$17.04
66,TOLUCA,ESTADO DE MÉXICO,MALINALCO,$15.97,$17.74,$17.04
66,TOLUCA,ESTADO DE MÉXICO,ATLACOMULCO,$15.97,$17.74,$17.04
66,TOLUCA,ESTADO DE MÉXICO,MORELOS,$15.97,$17.74,$17.04
66,TOLUCA,ESTADO DE MÉXICO,ZUMPAHUACAN,$15.97,$17.74,$17.04
66,TOLUCA,ESTADO DE MÉXICO,TEMASCALTEPEC,$15.97,$17.74,$17.04
66,TOLUCA,ESTADO DE MÉXICO,JOCOTITLAN,$15.97,$17.74,$17.04
66,TOLUCA,ESTADO DE MÉXICO,OCUILAN,$15.97,$17.74,$17.04
66,TOLUCA,ESTADO DE MÉXICO,VILLA GUERRERO,$15.97,$17.74,$17.04
66,TOLUCA,ESTADO DE MÉXICO,JIQUIPILCO,$15.97,$17.74,$17.04
66,TOLUCA,ESTADO DE MÉXICO,TENANCINGO,$15.97,$17.74,$17.04
66,TOLUCA,ESTADO DE MÉXICO,VILLA VICTORIA,$15.97,$17.74,$17.04
66,TOLUCA,ESTADO DE MÉXICO,IXTLAHUACA,$15.97,$17.74,$17.04
66,TOLUCA,ESTADO DE MÉXICO,JOQUICINGO,$15.97,$17.74,$17.04
66,TOLUCA,ESTADO DE MÉXICO,TIANGUISTENCO,$15.97,$17.74,$17.04
66,TOLUCA,ESTADO DE MÉXICO,XALATLACO,$15.97,$17.74,$17.04
66,TOLUCA,ESTADO DE MÉXICO,TEXCALYACAC,$15.97,$17.74,$17.04
66,TOLUCA,ESTADO DE MÉXICO,OTZOLOTEPEC,$15.97,$17.74,$17.04
66,TOLUCA,ESTADO DE MÉXICO,TENANGO DEL VALLE,$15.97,$17.74,$17.04
66,TOLUCA,ESTADO DE MÉXICO,ALMOLOYA DE JUAREZ,$15.97,$17.74,$17.04
66,TOLUCA,ESTADO DE MÉXICO,CAPULHUAC,$15.97,$17.74,$17.04
66,TOLUCA,ESTADO DE MÉXICO,RAYON,$15.97,$17.74,$17.04
66,TOLUCA,ESTADO DE MÉXICO,CALIMAYA,$15.97,$17.74,$17.04
66,TOLUCA,ESTADO DE MÉXICO,TEMOAYA,$15.97,$17.74,$17.04
66,TOLUCA,ESTADO DE MÉXICO,LERMA,$15.97,$17.74,$17.04
66,TOLUCA,ESTADO DE MÉXICO,XONACATLAN,$15.97,$17.74,$17.04
66,TOLUCA,ESTADO DE MÉXICO,ZINACANTEPEC,$15.97,$17.74,$17.04
66,TOLUCA,ESTADO DE MÉXICO,SAN MATEO ATENCO,$15.97,$17.74,$17.04
66,TOLUCA,ESTADO DE MÉXICO,OCOYOACAC,$15.97,$17.74,$17.04
66,TOLUCA,ESTADO DE MÉXICO,TOLUCA,$15.97,$17.74,$17.04
66,TOLUCA,ESTADO DE MÉXICO,CHAPULTEPEC,$15.97,$17.74,$17.04
66,TOLUCA,ESTADO DE MÉXICO,METEPEC,$15.97,$17.74,$17.04
66,TOLUCA,ESTADO DE MÉXICO,MEXICALTZINGO,$15.97,$17.74,$17.04
67,TOPOLOBAMPO,SINALOA,EL FUERTE,$15.94,$17.71,$17.04
67,TOPOLOBAMPO,SINALOA,AHOME,$15.94,$17.71,$17.04
68,TULA,ESTADO DE MÉXICO,CHAPA DE MOTA,$15.83,$17.60,$16.92
68,TULA,ESTADO DE MÉXICO,HUEYPOXTLA,$15.83,$17.60,$16.92
68,TULA,ESTADO DE MÉXICO,JILOTEPEC,$15.83,$17.60,$16.92
68,TULA,ESTADO DE MÉXICO,SOYANIQUILPAN DE JUAREZ,$15.83,$17.60,$16.92
68,TULA,ESTADO DE MÉXICO,COYOTEPEC,$15.83,$17.60,$16.92
68,TULA,ESTADO DE MÉXICO,TEOLOYUCAN,$15.83,$17.60,$16.92
68,TULA,ESTADO DE MÉXICO,TEQUIXQUIAC,$15.83,$17.60,$16.92
68,TULA,ESTADO DE MÉXICO,HUEHUETOCA,$15.83,$17.60,$16.92
68,TULA,ESTADO DE MÉXICO,APAXCO,$15.83,$17.60,$16.92
68,TULA,HIDALGO,CHAPANTONGO,$15.83,$17.60,$16.92
68,TULA,HIDALGO,CHILCUAUTLA,$15.83,$17.60,$16.92
68,TULA,HIDALGO,PROGRESO DE OBREGON,$15.83,$17.60,$16.92
68,TULA,HIDALGO,AJACUBA,$15.83,$17.60,$16.92
68,TULA,HIDALGO,TEPEJI DEL RIO DE OCAMPO,$15.83,$17.60,$16.92
68,TULA,HIDALGO,MIXQUIAHUALA DE JUAREZ,$15.83,$17.60,$16.92
68,TULA,HIDALGO,TETEPANGO,$15.83,$17.60,$16.92
68,TULA,HIDALGO,TEZONTEPEC DE ALDAMA,$15.83,$17.60,$16.92
68,TULA,HIDALGO,TULA DE ALLENDE,$15.83,$17.60,$16.92
68,TULA,HIDALGO,ATOTONILCO DE TULA,$15.83,$17.60,$16.92
68,TULA,HIDALGO,ATITALAQUIA,$15.83,$17.60,$16.92
68,TULA,HIDALGO,TEPETITLAN,$15.83,$17.60,$16.92
68,TULA,HIDALGO,TLAHUELILPAN,$15.83,$17.60,$16.92
68,TULA,HIDALGO,TLAXCOAPAN,$15.83,$17.60,$16.92
69,TUXTLA GUTIERREZ,CHIAPAS,LAS ROSAS,$15.73,$17.50,$16.80
69,TUXTLA GUTIERREZ,CHIAPAS,SIMOJOVEL,$15.73,$17.50,$16.80
69,TUXTLA GUTIERREZ,CHIAPAS,SOCOLTENANGO,$15.73,$17.50,$16.80
69,TUXTLA GUTIERREZ,CHIAPAS,TEOPISCA,$15.73,$17.50,$16.80
69,TUXTLA GUTIERREZ,CHIAPAS,JITOTOL,$15.73,$17.50,$16.80
69,TUXTLA GUTIERREZ,CHIAPAS,VENUSTIANO CARRANZA,$15.73,$17.50,$16.80
69,TUXTLA GUTIERREZ,CHIAPAS,AMATENANGO DEL VALLE,$15.73,$17.50,$16.80
69,TUXTLA GUTIERREZ,CHIAPAS,VILLA CORZO,$15.73,$17.50,$16.80
69,TUXTLA GUTIERREZ,CHIAPAS,VILLAFLORES,$15.73,$17.50,$16.80
69,TUXTLA GUTIERREZ,CHIAPAS,BOCHIL,$15.73,$17.50,$16.80
69,TUXTLA GUTIERREZ,CHIAPAS,SAN CRISTOBAL DE LAS CASAS,$15.73,$17.50,$16.80
69,TUXTLA GUTIERREZ,CHIAPAS,TECPATAN,$15.73,$17.50,$16.80
69,TUXTLA GUTIERREZ,CHIAPAS,CINTALAPA,$15.73,$17.50,$16.80
69,TUXTLA GUTIERREZ,CHIAPAS,JIQUIPILAS,$15.73,$17.50,$16.80
69,TUXTLA GUTIERREZ,CHIAPAS,COPAINALA,$15.73,$17.50,$16.80
69,TUXTLA GUTIERREZ,CHIAPAS,IXTAPA,$15.73,$17.50,$16.80
69,TUXTLA GUTIERREZ,CHIAPAS,ACALA,$15.73,$17.50,$16.80
69,TUXTLA GUTIERREZ,CHIAPAS,SUCHIAPA,$15.73,$17.50,$16.80
69,TUXTLA GUTIERREZ,CHIAPAS,CHIAPA DE CORZO,$15.73,$17.50,$16.80
69,TUXTLA GUTIERREZ,CHIAPAS,OCOZOCOAUTLA DE ESPINOSA,$15.73,$17.50,$16.80
69,TUXTLA GUTIERREZ,CHIAPAS,TUXTLA GUTIERREZ,$15.73,$17.50,$16.80
69,TUXTLA GUTIERREZ,CHIAPAS,BERRIOZABAL,$15.73,$17.50,$16.80
69,TUXTLA GUTIERREZ,CHIAPAS,SAN FERNANDO,$15.73,$17.50,$16.80
70,URUAPAN,MICHOACÁN DE OCAMPO,BUENAVISTA,$16.26,$18.03,$17.33
70,URUAPAN,MICHOACÁN DE OCAMPO,LA HUACANA,$16.26,$18.03,$17.33
70,URUAPAN,MICHOACÁN DE OCAMPO,APATZINGAN,$16.26,$18.03,$17.33
70,URUAPAN,MICHOACÁN DE OCAMPO,PARACUARO,$16.26,$18.03,$17.33
70,URUAPAN,MICHOACÁN DE OCAMPO,MUGICA,$16.26,$18.03,$17.33
70,URUAPAN,MICHOACÁN DE OCAMPO,TANCITARO,$16.26,$18.03,$17.33
70,URUAPAN,MICHOACÁN DE OCAMPO,NAHUATZEN,$16.26,$18.03,$17.33
70,URUAPAN,MICHOACÁN DE OCAMPO,CHERAN,$16.26,$18.03,$17.33
70,URUAPAN,MICHOACÁN DE OCAMPO,GABRIEL ZAMORA,$16.26,$18.03,$17.33
70,URUAPAN,MICHOACÁN DE OCAMPO,NUEVO URECHO,$16.26,$18.03,$17.33
70,URUAPAN,MICHOACÁN DE OCAMPO,PARACHO,$16.26,$18.03,$17.33
70,URUAPAN,MICHOACÁN DE OCAMPO,TARETAN,$16.26,$18.03,$17.33
70,URUAPAN,MICHOACÁN DE OCAMPO,TINGAMBATO,$16.26,$18.03,$17.33
70,URUAPAN,MICHOACÁN DE OCAMPO,NUEVO PARANGARICUTIRO,$16.26,$18.03,$17.33
70,URUAPAN,MICHOACÁN DE OCAMPO,URUAPAN,$16.26,$18.03,$17.33
70,URUAPAN,MICHOACÁN DE OCAMPO,ZIRACUARETIRO,$16.26,$18.03,$17.33
71,VALLES,SAN LUIS POTOSÍ,ALAQUINES,$15.66,$17.45,$16.75
71,VALLES,SAN LUIS POTOSÍ,CIUDAD FERNANDEZ,$15.66,$17.45,$16.75
71,VALLES,SAN LUIS POTOSÍ,SAN MARTIN CHALCHICUAUTLA,$15.66,$17.45,$16.75
71,VALLES,SAN LUIS POTOSÍ,TAMAZUNCHALE,$15.66,$17.45,$16.75
71,VALLES,SAN LUIS POTOSÍ,CARDENAS,$15.66,$17.45,$16.75
71,VALLES,SAN LUIS POTOSÍ,RAYON,$15.66,$17.45,$16.75
71,VALLES,SAN LUIS POTOSÍ,TANQUIAN DE ESCOBEDO,$15.66,$17.45,$16.75
71,VALLES,SAN LUIS POTOSÍ,XILITLA,$15.66,$17.45,$16.75
71,VALLES,SAN LUIS POTOSÍ,AXTLA DE TERRAZAS,$15.66,$17.45,$16.75
71,VALLES,SAN LUIS POTOSÍ,SAN VICENTE TANCUAYALAB,$15.66,$17.45,$16.75
71,VALLES,SAN LUIS POTOSÍ,HUEHUETLAN,$15.66,$17.45,$16.75
71,VALLES,SAN LUIS POTOSÍ,TANCANHUITZ,$15.66,$17.45,$16.75
71,VALLES,SAN LUIS POTOSÍ,TAMASOPO,$15.66,$17.45,$16.75
71,VALLES,SAN LUIS POTOSÍ,CIUDAD VALLES,$15.66,$17.45,$16.75
71,VALLES,SAN LUIS POTOSÍ,AQUISMON,$15.66,$17.45,$16.75
71,VALLES,QUERÉTARO,LANDA DE MATAMOROS,$15.66,$17.45,$16.75
72,VERACRUZ,VERACRUZ DE IGNACIO DE LA LLAVE,TLALIXCOYAN,$15.33,$17.11,$16.41
72,VERACRUZ,VERACRUZ DE IGNACIO DE LA LLAVE,ACTOPAN,$15.33,$17.11,$16.41
72,VERACRUZ,VERACRUZ DE IGNACIO DE LA LLAVE,ALVARADO,$15.33,$17.11,$16.41
72,VERACRUZ,VERACRUZ DE IGNACIO DE LA LLAVE,JAMAPA,$15.33,$17.11,$16.41
72,VERACRUZ,VERACRUZ DE IGNACIO DE LA LLAVE,PASO DE OVEJAS,$15.33,$17.11,$16.41
72,VERACRUZ,VERACRUZ DE IGNACIO DE LA LLAVE,SOLEDAD DE DOBLADO,$15.33,$17.11,$16.41
72,VERACRUZ,VERACRUZ DE IGNACIO DE LA LLAVE,PUENTE NACIONAL,$15.33,$17.11,$16.41
72,VERACRUZ,VERACRUZ DE IGNACIO DE LA LLAVE,URSULO GALVAN,$15.33,$17.11,$16.41
72,VERACRUZ,VERACRUZ DE IGNACIO DE LA LLAVE,MEDELLIN DE BRAVO,$15.33,$17.11,$16.41
72,VERACRUZ,VERACRUZ DE IGNACIO DE LA LLAVE,LA ANTIGUA,$15.33,$17.11,$16.41
72,VERACRUZ,VERACRUZ DE IGNACIO DE LA LLAVE,MANLIO FABIO ALTAMIRANO,$15.33,$17.11,$16.41
72,VERACRUZ,VERACRUZ DE IGNACIO DE LA LLAVE,VERACRUZ,$15.33,$17.11,$16.41
72,VERACRUZ,VERACRUZ DE IGNACIO DE LA LLAVE,BOCA DEL RIO,$15.33,$17.11,$16.41
73,VICTORIA,TAMAULIPAS,SOTO LA MARINA,$15.64,$17.41,$16.71
73,VICTORIA,TAMAULIPAS,JIMENEZ,$15.64,$17.41,$16.71
73,VICTORIA,TAMAULIPAS,HIDALGO,$15.64,$17.41,$16.71
73,VICTORIA,TAMAULIPAS,JAUMAVE,$15.64,$17.41,$16.71
73,VICTORIA,TAMAULIPAS,LLERA,$15.64,$17.41,$16.71
73,VICTORIA,TAMAULIPAS,PADILLA,$15.64,$17.41,$16.71
73,VICTORIA,TAMAULIPAS,GÜEMEZ,$15.64,$17.41,$16.71
73,VICTORIA,TAMAULIPAS,VICTORIA,$15.64,$17.41,$16.71
74,VILLAHERMOSA,TABASCO,PARAISO,$15.56,$17.34,$16.63
74,VILLAHERMOSA,TABASCO,CENTLA,$15.56,$17.34,$16.63
74,VILLAHERMOSA,TABASCO,COMALCALCO,$15.56,$17.34,$16.63
74,VILLAHERMOSA,TABASCO,TACOTALPA,$15.56,$17.34,$16.63
74,VILLAHERMOSA,TABASCO,HUIMANGUILLO,$15.56,$17.34,$16.63
74,VILLAHERMOSA,TABASCO,TEAPA,$15.56,$17.34,$16.63
74,VILLAHERMOSA,TABASCO,MACUSPANA,$15.56,$17.34,$16.63
74,VILLAHERMOSA,TABASCO,EMILIANO ZAPATA,$15.56,$17.34,$16.63
74,VILLAHERMOSA,TABASCO,JALAPA,$15.56,$17.34,$16.63
74,VILLAHERMOSA,TABASCO,JALPA DE MENDEZ,$15.56,$17.34,$16.63
74,VILLAHERMOSA,TABASCO,CARDENAS,$15.56,$17.34,$16.63
74,VILLAHERMOSA,TABASCO,CUNDUACAN,$15.56,$17.34,$16.63
74,VILLAHERMOSA,TABASCO,NACAJUCA,$15.56,$17.34,$16.63
74,VILLAHERMOSA,TABASCO,CENTRO,$15.56,$17.34,$16.63
74,VILLAHERMOSA,CHIAPAS,IXTACOMITAN,$15.56,$17.34,$16.63
74,VILLAHERMOSA,CHIAPAS,PICHUCALCO,$15.56,$17.34,$16.63
74,VILLAHERMOSA,CHIAPAS,JUAREZ,$15.56,$17.34,$16.63
74,VILLAHERMOSA,CHIAPAS,REFORMA,$15.56,$17.34,$16.63
74,VILLAHERMOSA,CAMPECHE,PALIZADA,$15.56,$17.34,$16.63
75,ZACATECAS,ZACATECAS,RIO GRANDE,$16.11,$17.90,$17.18
75,ZACATECAS,ZACATECAS,CAÑITAS DE FELIPE PESCADOR,$16.11,$17.90,$17.18
75,ZACATECAS,ZACATECAS,TABASCO,$16.11,$17.90,$17.18
75,ZACATECAS,ZACATECAS,SAIN ALTO,$16.11,$17.90,$17.18
75,ZACATECAS,ZACATECAS,TEPETONGO,$16.11,$17.90,$17.18
75,ZACATECAS,ZACATECAS,VILLA HIDALGO,$16.11,$17.90,$17.18
75,ZACATECAS,ZACATECAS,VILLA DE COS,$16.11,$17.90,$17.18
75,ZACATECAS,ZACATECAS,FRESNILLO,$16.11,$17.90,$17.18
75,ZACATECAS,ZACATECAS,VILLANUEVA,$16.11,$17.90,$17.18
75,ZACATECAS,ZACATECAS,JEREZ,$16.11,$17.90,$17.18
75,ZACATECAS,ZACATECAS,VILLA GONZALEZ ORTEGA,$16.11,$17.90,$17.18
75,ZACATECAS,ZACATECAS,GENERAL ENRIQUE ESTRADA,$16.11,$17.90,$17.18
75,ZACATECAS,ZACATECAS,CUAUHTEMOC,$16.11,$17.90,$17.18
75,ZACATECAS,ZACATECAS,CALERA,$16.11,$17.90,$17.18
75,ZACATECAS,ZACATECAS,MORELOS,$16.11,$17.90,$17.18
75,ZACATECAS,ZACATECAS,GENERAL PANFILO NATERA,$16.11,$17.90,$17.18
75,ZACATECAS,ZACATECAS,PANUCO,$16.11,$17.90,$17.18
75,ZACATECAS,ZACATECAS,OJOCALIENTE,$16.11,$17.90,$17.18
75,ZACATECAS,ZACATECAS,ZACATECAS,$16.11,$17.90,$17.18
75,ZACATECAS,ZACATECAS,GUADALUPE,$16.11,$17.90,$17.18
75,ZACATECAS,SAN LUIS POTOSÍ,SANTO DOMINGO,$16.11,$17.90,$17.18
75,ZACATECAS,SAN LUIS POTOSÍ,VILLA DE RAMOS,$16.11,$17.90,$17.18
75,ZACATECAS,SAN LUIS POTOSÍ,SALINAS,$16.11,$17.90,$17.18
75,ZACATECAS,JALISCO,COLOTLAN,$16.11,$17.90,$17.18
75,ZACATECAS,JALISCO,SANTA MARIA DE LOS ANGELES,$16.11,$17.90,$17.18
75,ZACATECAS,JALISCO,HUEJUCAR,$16.11,$17.90,$17.18
76,ZAMORA,MICHOACÁN DE OCAMPO,PAJACUARAN,$16.29,$18.06,$17.36
76,ZAMORA,MICHOACÁN DE OCAMPO,LOS REYES,$16.29,$18.06,$17.36
76,ZAMORA,MICHOACÁN DE OCAMPO,TANHUATO,$16.29,$18.06,$17.36
76,ZAMORA,MICHOACÁN DE OCAMPO,TOCUMBO,$16.29,$18.06,$17.36
76,ZAMORA,MICHOACÁN DE OCAMPO,ZACAPU,$16.29,$18.06,$17.36
76,ZAMORA,MICHOACÁN DE OCAMPO,VENUSTIANO CARRANZA,$16.29,$18.06,$17.36
76,ZAMORA,MICHOACÁN DE OCAMPO,VILLAMAR,$16.29,$18.06,$17.36
76,ZAMORA,MICHOACÁN DE OCAMPO,YURECUARO,$16.29,$18.06,$17.36
76,ZAMORA,MICHOACÁN DE OCAMPO,PUREPERO,$16.29,$18.06,$17.36
76,ZAMORA,MICHOACÁN DE OCAMPO,BRISEÑAS,$16.29,$18.06,$17.36
76,ZAMORA,MICHOACÁN DE OCAMPO,NUMARAN,$16.29,$18.06,$17.36
76,ZAMORA,MICHOACÁN DE OCAMPO,CHAVINDA,$16.29,$18.06,$17.36
76,ZAMORA,MICHOACÁN DE OCAMPO,TLAZAZALCA,$16.29,$18.06,$17.36
76,ZAMORA,MICHOACÁN DE OCAMPO,TANGAMANDAPIO,$16.29,$18.06,$17.36
76,ZAMORA,MICHOACÁN DE OCAMPO,CHILCHOTA,$16.29,$18.06,$17.36
76,ZAMORA,MICHOACÁN DE OCAMPO,VISTA HERMOSA,$16.29,$18.06,$17.36
76,ZAMORA,MICHOACÁN DE OCAMPO,TANGANCICUARO,$16.29,$18.06,$17.36
76,ZAMORA,MICHOACÁN DE OCAMPO,CHURINTZIO,$16.29,$18.06,$17.36
76,ZAMORA,MICHOACÁN DE OCAMPO,IXTLAN,$16.29,$18.06,$17.36
76,ZAMORA,MICHOACÁN DE OCAMPO,JACONA,$16.29,$18.06,$17.36
76,ZAMORA,MICHOACÁN DE OCAMPO,ZAMORA,$16.29,$18.06,$17.36
76,ZAMORA,MICHOACÁN DE OCAMPO,ECUANDUREO,$16.29,$18.06,$17.36
76,ZAMORA,JALISCO,JAMAY,$16.29,$18.06,$17.36
76,ZAMORA,JALISCO,LA BARCA,$16.29,$18.06,$17.36
77,ZONA DE DISTRIBUCIÓN PENÍNSULA DE YUCATÁN,QUINTANA ROO,BENITO JUAREZ,$15.90,$17.67,$16.97
77,ZONA DE DISTRIBUCIÓN PENÍNSULA DE YUCATÁN,QUINTANA ROO,COZUMEL,$15.90,$17.67,$16.97
77,ZONA DE DISTRIBUCIÓN PENÍNSULA DE YUCATÁN,QUINTANA ROO,FELIPE CARRILLO PUERTO,$15.90,$17.67,$16.97
77,ZONA DE DISTRIBUCIÓN PENÍNSULA DE YUCATÁN,QUINTANA ROO,ISLA MUJERES,$15.90,$17.67,$16.97
77,ZONA DE DISTRIBUCIÓN PENÍNSULA DE YUCATÁN,QUINTANA ROO,SOLIDARIDAD,$15.90,$17.67,$16.97
77,ZONA DE DISTRIBUCIÓN PENÍNSULA DE YUCATÁN,QUINTANA ROO,OTHON P BLANCO,$15.90,$17.67,$16.97
77,ZONA DE DISTRIBUCIÓN PENÍNSULA DE YUCATÁN,QUINTANA ROO,LAZARO CARDENAS,$15.90,$17.67,$16.97
77,ZONA DE DISTRIBUCIÓN PENÍNSULA DE YUCATÁN,CAMPECHE,HOPELCHEN,$15.90,$17.67,$16.97
77,ZONA DE DISTRIBUCIÓN PENÍNSULA DE YUCATÁN,YUCATÁN,PANABA,$15.90,$17.67,$16.97
77,ZONA DE DISTRIBUCIÓN PENÍNSULA DE YUCATÁN,YUCATÁN,SAN FELIPE,$15.90,$17.67,$16.97
77,ZONA DE DISTRIBUCIÓN PENÍNSULA DE YUCATÁN,YUCATÁN,SUCILA,$15.90,$17.67,$16.97
77,ZONA DE DISTRIBUCIÓN PENÍNSULA DE YUCATÁN,YUCATÁN,TIZIMIN,$15.90,$17.67,$16.97
78,ZONA DE DISTRIBUCIÓN NORESTE,NUEVO LEÓN,AGUALEGUAS,$16.46,$18.22,$17.54
78,ZONA DE DISTRIBUCIÓN NORESTE,NUEVO LEÓN,LOS ALDAMAS,$16.46,$18.22,$17.54
78,ZONA DE DISTRIBUCIÓN NORESTE,NUEVO LEÓN,ANAHUAC,$16.46,$18.22,$17.54
78,ZONA DE DISTRIBUCIÓN NORESTE,NUEVO LEÓN,ARAMBERRI,$16.46,$18.22,$17.54
78,ZONA DE DISTRIBUCIÓN NORESTE,NUEVO LEÓN,BUSTAMANTE,$16.46,$18.22,$17.54
78,ZONA DE DISTRIBUCIÓN NORESTE,NUEVO LEÓN,CARMEN,$16.46,$18.22,$17.54
78,ZONA DE DISTRIBUCIÓN NORESTE,NUEVO LEÓN,GENERAL BRAVO,$16.46,$18.22,$17.54
78,ZONA DE DISTRIBUCIÓN NORESTE,NUEVO LEÓN,GENERAL TERAN,$16.46,$18.22,$17.54
78,ZONA DE DISTRIBUCIÓN NORESTE,NUEVO LEÓN,LOS HERRERAS,$16.46,$18.22,$17.54
78,ZONA DE DISTRIBUCIÓN NORESTE,NUEVO LEÓN,HUALAHUISES,$16.46,$18.22,$17.54
78,ZONA DE DISTRIBUCIÓN NORESTE,NUEVO LEÓN,LAMPAZOS DE NARANJO,$16.46,$18.22,$17.54
78,ZONA DE DISTRIBUCIÓN NORESTE,NUEVO LEÓN,LINARES,$16.46,$18.22,$17.54
78,ZONA DE DISTRIBUCIÓN NORESTE,NUEVO LEÓN,PARAS,$16.46,$18.22,$17.54
78,ZONA DE DISTRIBUCIÓN NORESTE,NUEVO LEÓN,RAYONES,$16.46,$18.22,$17.54
78,ZONA DE DISTRIBUCIÓN NORESTE,NUEVO LEÓN,SABINAS HIDALGO,$16.46,$18.22,$17.54
78,ZONA DE DISTRIBUCIÓN NORESTE,NUEVO LEÓN,SALINAS VICTORIA,$16.46,$18.22,$17.54
78,ZONA DE DISTRIBUCIÓN NORESTE,NUEVO LEÓN,VILLALDAMA,$16.46,$18.22,$17.54
78,ZONA DE DISTRIBUCIÓN NORESTE,COAHUILA DE ZARAGOZA,CANDELA,$16.46,$18.22,$17.54
78,ZONA DE DISTRIBUCIÓN NORESTE,COAHUILA DE ZARAGOZA,CUATRO CIENEGAS,$16.46,$18.22,$17.54
78,ZONA DE DISTRIBUCIÓN NORESTE,COAHUILA DE ZARAGOZA,GUERRERO,$16.46,$18.22,$17.54
78,ZONA DE DISTRIBUCIÓN NORESTE,COAHUILA DE ZARAGOZA,JIMENEZ,$16.46,$18.22,$17.54
78,ZONA DE DISTRIBUCIÓN NORESTE,COAHUILA DE ZARAGOZA,MUZQUIZ,$16.46,$18.22,$17.54
78,ZONA DE DISTRIBUCIÓN NORESTE,COAHUILA DE ZARAGOZA,OCAMPO,$16.46,$18.22,$17.54
78,ZONA DE DISTRIBUCIÓN NORESTE,COAHUILA DE ZARAGOZA,PARRAS,$16.46,$18.22,$17.54
78,ZONA DE DISTRIBUCIÓN NORESTE,COAHUILA DE ZARAGOZA,PROGRESO,$16.46,$18.22,$17.54
78,ZONA DE DISTRIBUCIÓN NORESTE,COAHUILA DE ZARAGOZA,SIERRA MOJADA,$16.46,$18.22,$17.54
78,ZONA DE DISTRIBUCIÓN NORESTE,COAHUILA DE ZARAGOZA,ABASOLO,$16.46,$18.22,$17.54
78,ZONA DE DISTRIBUCIÓN NORESTE,COAHUILA DE ZARAGOZA,ACUÑA,$16.46,$18.22,$17.54
78,ZONA DE DISTRIBUCIÓN NORESTE,COAHUILA DE ZARAGOZA,ZARAGOZA,$16.46,$18.22,$17.54
78,ZONA DE DISTRIBUCIÓN NORESTE,TAMAULIPAS,BURGOS,$16.46,$18.22,$17.54
78,ZONA DE DISTRIBUCIÓN NORESTE,TAMAULIPAS,CRUILLAS,$16.46,$18.22,$17.54
78,ZONA DE DISTRIBUCIÓN NORESTE,TAMAULIPAS,ALDAMA,$16.46,$18.22,$17.54
78,ZONA DE DISTRIBUCIÓN NORESTE,TAMAULIPAS,GOMEZ FARIAS,$16.46,$18.22,$17.54
78,ZONA DE DISTRIBUCIÓN NORESTE,TAMAULIPAS,GUERRERO,$16.46,$18.22,$17.54
78,ZONA DE DISTRIBUCIÓN NORESTE,TAMAULIPAS,SAN FERNANDO,$16.46,$18.22,$17.54
78,ZONA DE DISTRIBUCIÓN NORESTE,TAMAULIPAS,MIER,$16.46,$18.22,$17.54
78,ZONA DE DISTRIBUCIÓN NORESTE,TAMAULIPAS,TULA,$16.46,$18.22,$17.54
78,ZONA DE DISTRIBUCIÓN NORESTE,TAMAULIPAS,VALLE HERMOSO,$16.46,$18.22,$17.54
78,ZONA DE DISTRIBUCIÓN NORESTE,CHIHUAHUA,GALEANA,$16.46,$18.22,$17.54
78,ZONA DE DISTRIBUCIÓN NORESTE,CHIHUAHUA,GOMEZ FARIAS,$16.46,$18.22,$17.54
79,ZONA DE DISTRIBUCIÓN NOROESTE,CHIHUAHUA,ASCENSION,$16.54,$18.40,$17.68
79,ZONA DE DISTRIBUCIÓN NOROESTE,CHIHUAHUA,BACHINIVA,$16.54,$18.40,$17.68
79,ZONA DE DISTRIBUCIÓN NOROESTE,CHIHUAHUA,BOCOYNA,$16.54,$18.40,$17.68
79,ZONA DE DISTRIBUCIÓN NOROESTE,CHIHUAHUA,BUENAVENTURA,$16.54,$18.40,$17.68
79,ZONA DE DISTRIBUCIÓN NOROESTE,CHIHUAHUA,ROSARIO,$16.54,$18.40,$17.68
79,ZONA DE DISTRIBUCIÓN NOROESTE,CHIHUAHUA,CASAS GRANDES,$16.54,$18.40,$17.68
79,ZONA DE DISTRIBUCIÓN NOROESTE,CHIHUAHUA,CHINIPAS,$16.54,$18.40,$17.68
79,ZONA DE DISTRIBUCIÓN NOROESTE,CHIHUAHUA,GUACHOCHI,$16.54,$18.40,$17.68
79,ZONA DE DISTRIBUCIÓN NOROESTE,CHIHUAHUA,GUADALUPE Y CALVO,$16.54,$18.40,$17.68
79,ZONA DE DISTRIBUCIÓN NOROESTE,CHIHUAHUA,GUAZAPARES,$16.54,$18.40,$17.68
79,ZONA DE DISTRIBUCIÓN NOROESTE,CHIHUAHUA,IGNACIO ZARAGOZA,$16.54,$18.40,$17.68
79,ZONA DE DISTRIBUCIÓN NOROESTE,CHIHUAHUA,JANOS,$16.54,$18.40,$17.68
79,ZONA DE DISTRIBUCIÓN NOROESTE,CHIHUAHUA,LOPEZ,$16.54,$18.40,$17.68
79,ZONA DE DISTRIBUCIÓN NOROESTE,CHIHUAHUA,GUADALUPE,$16.54,$18.40,$17.68
79,ZONA DE DISTRIBUCIÓN NOROESTE,CHIHUAHUA,NAMIQUIPA,$16.54,$18.40,$17.68
79,ZONA DE DISTRIBUCIÓN NOROESTE,CHIHUAHUA,NONOAVA,$16.54,$18.40,$17.68
79,ZONA DE DISTRIBUCIÓN NOROESTE,CHIHUAHUA,NUEVO CASAS GRANDES,$16.54,$18.40,$17.68
79,ZONA DE DISTRIBUCIÓN NOROESTE,CHIHUAHUA,RIVA PALACIO,$16.54,$18.40,$17.68
79,ZONA DE DISTRIBUCIÓN NOROESTE,CHIHUAHUA,OJINAGA,$16.54,$18.40,$17.68
79,ZONA DE DISTRIBUCIÓN NOROESTE,CHIHUAHUA,URIQUE,$16.54,$18.40,$17.68
79,ZONA DE DISTRIBUCIÓN NOROESTE,CHIHUAHUA,CUAUHTEMOC,$16.54,$18.40,$17.68
79,ZONA DE DISTRIBUCIÓN NOROESTE,SONORA,YECORA,$16.54,$18.40,$17.68
79,ZONA DE DISTRIBUCIÓN NOROESTE,SONORA,HUASABAS,$16.54,$18.40,$17.68
79,ZONA DE DISTRIBUCIÓN NOROESTE,SONORA,NACORI CHICO,$16.54,$18.40,$17.68
79,ZONA DE DISTRIBUCIÓN NOROESTE,SONORA,NACOZARI DE GARCIA,$16.54,$18.40,$17.68
79,ZONA DE DISTRIBUCIÓN NOROESTE,SONORA,PITIQUITO,$16.54,$18.40,$17.68
79,ZONA DE DISTRIBUCIÓN NOROESTE,SONORA,PUERTO PEÑASCO,$16.54,$18.40,$17.68
79,ZONA DE DISTRIBUCIÓN NOROESTE,SONORA,ROSARIO,$16.54,$18.40,$17.68
79,ZONA DE DISTRIBUCIÓN NOROESTE,SONORA,VILLA HIDALGO,$16.54,$18.40,$17.68
79,ZONA DE DISTRIBUCIÓN NOROESTE,SONORA,QUIRIEGO,$16.54,$18.40,$17.68
79,ZONA DE DISTRIBUCIÓN NOROESTE,SONORA,SAHUARIPA,$16.54,$18.40,$17.68
79,ZONA DE DISTRIBUCIÓN NOROESTE,SONORA,TEPACHE,$16.54,$18.40,$17.68
79,ZONA DE DISTRIBUCIÓN NOROESTE,SONORA,ALAMOS,$16.54,$18.40,$17.68
79,ZONA DE DISTRIBUCIÓN NOROESTE,SONORA,ARIZPE,$16.54,$18.40,$17.68
79,ZONA DE DISTRIBUCIÓN NOROESTE,SONORA,CABORCA,$16.54,$18.40,$17.68
79,ZONA DE DISTRIBUCIÓN NOROESTE,SONORA,CUMPAS,$16.54,$18.40,$17.68
79,ZONA DE DISTRIBUCIÓN NOROESTE,SONORA,FRONTERAS,$16.54,$18.40,$17.68
79,ZONA DE DISTRIBUCIÓN NOROESTE,SINALOA,SAN IGNACIO,$16.54,$18.40,$17.68
79,ZONA DE DISTRIBUCIÓN NOROESTE,SINALOA,CHOIX,$16.54,$18.40,$17.68
79,ZONA DE DISTRIBUCIÓN NOROESTE,SINALOA,COSALA,$16.54,$18.40,$17.68
79,ZONA DE DISTRIBUCIÓN NOROESTE,SINALOA,BADIRAGUATO,$16.54,$18.40,$17.68
79,ZONA DE DISTRIBUCIÓN NOROESTE,SINALOA,HIDALGO,$16.54,$18.40,$17.68
79,ZONA DE DISTRIBUCIÓN NOROESTE,COAHILA DE ZARAGOZA,JUAREZ,$16.54,$18.40,$17.68
80,ZONA DE DISTRIBUCIÓN PENÍNSULA DE BAJA CALIFORNIA,BAJA CALIFORNIA SUR,LORETO,$16.56,$18.33,$17.67
80,ZONA DE DISTRIBUCIÓN PENÍNSULA DE BAJA CALIFORNIA,BAJA CALIFORNIA SUR,MULEGE,$16.56,$18.33,$17.67
81,ZONA DE DISTRIBUCIÓN CENTRO,HIDALGO,AGUA BLANCA DE ITURBIDE,$16.40,$18.17,$17.49
81,ZONA DE DISTRIBUCIÓN CENTRO,HIDALGO,ALFAJAYUCAN,$16.40,$18.17,$17.49
81,ZONA DE DISTRIBUCIÓN CENTRO,HIDALGO,ATLAPEXCO,$16.40,$18.17,$17.49
81,ZONA DE DISTRIBUCIÓN CENTRO,HIDALGO,ELOXOCHITLAN,$16.40,$18.17,$17.49
81,ZONA DE DISTRIBUCIÓN CENTRO,HIDALGO,HUEJUTLA DE REYES,$16.40,$18.17,$17.49
81,ZONA DE DISTRIBUCIÓN CENTRO,HIDALGO,JACALA DE LEDEZMA,$16.40,$18.17,$17.49
81,ZONA DE DISTRIBUCIÓN CENTRO,HIDALGO,LOLOTLA,$16.40,$18.17,$17.49
81,ZONA DE DISTRIBUCIÓN CENTRO,HIDALGO,METZTITLAN,$16.40,$18.17,$17.49
81,ZONA DE DISTRIBUCIÓN CENTRO,HIDALGO,MOLANGO DE ESCAMILLA,$16.40,$18.17,$17.49
81,ZONA DE DISTRIBUCIÓN CENTRO,HIDALGO,SAN FELIPE ORIZATLAN,$16.40,$18.17,$17.49
81,ZONA DE DISTRIBUCIÓN CENTRO,HIDALGO,NOPALA DE VILLAGRAN,$16.40,$18.17,$17.49
81,ZONA DE DISTRIBUCIÓN CENTRO,HIDALGO,TASQUILLO,$16.40,$18.17,$17.49
81,ZONA DE DISTRIBUCIÓN CENTRO,HIDALGO,TECOZAUTLA,$16.40,$18.17,$17.49
81,ZONA DE DISTRIBUCIÓN CENTRO,HIDALGO,TENANGO DE DORIA,$16.40,$18.17,$17.49
81,ZONA DE DISTRIBUCIÓN CENTRO,HIDALGO,ZIMAPAN,$16.40,$18.17,$17.49
81,ZONA DE DISTRIBUCIÓN CENTRO,HIDALGO,ZACUALTIPAN DE ANGELES,$16.40,$18.17,$17.49
81,ZONA DE DISTRIBUCIÓN CENTRO,JALISCO,ATOTONILCO EL ALTO,$16.40,$18.17,$17.49
81,ZONA DE DISTRIBUCIÓN CENTRO,JALISCO,AUTLAN DE NAVARRO,$16.40,$18.17,$17.49
81,ZONA DE DISTRIBUCIÓN CENTRO,JALISCO,AYOTLAN,$16.40,$18.17,$17.49
81,ZONA DE DISTRIBUCIÓN CENTRO,JALISCO,ARANDAS,$16.40,$18.17,$17.49
81,ZONA DE DISTRIBUCIÓN CENTRO,JALISCO,BOLAÑOS,$16.40,$18.17,$17.49
81,ZONA DE DISTRIBUCIÓN CENTRO,JALISCO,CABO CORRIENTES,$16.40,$18.17,$17.49
81,ZONA DE DISTRIBUCIÓN CENTRO,JALISCO,CAÑADAS DE OBREGON,$16.40,$18.17,$17.49
81,ZONA DE DISTRIBUCIÓN CENTRO,JALISCO,CASIMIRO CASTILLO,$16.40,$18.17,$17.49
81,ZONA DE DISTRIBUCIÓN CENTRO,JALISCO,DEGOLLADO,$16.40,$18.17,$17.49
81,ZONA DE DISTRIBUCIÓN CENTRO,JALISCO,HUEJUQUILLA EL ALTO,$16.40,$18.17,$17.49
81,ZONA DE DISTRIBUCIÓN CENTRO,JALISCO,VILLA HIDALGO,$16.40,$18.17,$17.49
81,ZONA DE DISTRIBUCIÓN CENTRO,JALISCO,JALOSTOTITLAN,$16.40,$18.17,$17.49
81,ZONA DE DISTRIBUCIÓN CENTRO,JALISCO,JILOTLAN DE LOS DOLORES,$16.40,$18.17,$17.49
81,ZONA DE DISTRIBUCIÓN CENTRO,JALISCO,JESUS MARIA,$16.40,$18.17,$17.49
81,ZONA DE DISTRIBUCIÓN CENTRO,JALISCO,EL LIMON,$16.40,$18.17,$17.49
81,ZONA DE DISTRIBUCIÓN CENTRO,JALISCO,PUERTO VALLARTA,$16.40,$18.17,$17.49
81,ZONA DE DISTRIBUCIÓN CENTRO,JALISCO,MASCOTA,$16.40,$18.17,$17.49
81,ZONA DE DISTRIBUCIÓN CENTRO,JALISCO,MAZAMITLA,$16.40,$18.17,$17.49
81,ZONA DE DISTRIBUCIÓN CENTRO,JALISCO,OJUELOS DE JALISCO,$16.40,$18.17,$17.49
81,ZONA DE DISTRIBUCIÓN CENTRO,JALISCO,MEXTICACAN,$16.40,$18.17,$17.49
81,ZONA DE DISTRIBUCIÓN CENTRO,JALISCO,MEZQUITIC,$16.40,$18.17,$17.49
81,ZONA DE DISTRIBUCIÓN CENTRO,JALISCO,SAN JUAN DE LOS LAGOS,$16.40,$18.17,$17.49
81,ZONA DE DISTRIBUCIÓN CENTRO,JALISCO,TALPA DE ALLENDE,$16.40,$18.17,$17.49
81,ZONA DE DISTRIBUCIÓN CENTRO,JALISCO,SAN MARTIN DE BOLAÑOS,$16.40,$18.17,$17.49
81,ZONA DE DISTRIBUCIÓN CENTRO,JALISCO,SAN MIGUEL EL ALTO,$16.40,$18.17,$17.49
81,ZONA DE DISTRIBUCIÓN CENTRO,JALISCO,SAN SEBASTIAN DEL OESTE,$16.40,$18.17,$17.49
81,ZONA DE DISTRIBUCIÓN CENTRO,JALISCO,TECALITLAN,$16.40,$18.17,$17.49
81,ZONA DE DISTRIBUCIÓN CENTRO,JALISCO,TIZAPAN EL ALTO,$16.40,$18.17,$17.49
81,ZONA DE DISTRIBUCIÓN CENTRO,JALISCO,TOLIMAN,$16.40,$18.17,$17.49
81,ZONA DE DISTRIBUCIÓN CENTRO,JALISCO,TOMATLAN,$16.40,$18.17,$17.49
81,ZONA DE DISTRIBUCIÓN CENTRO,JALISCO,TONAYA,$16.40,$18.17,$17.49
81,ZONA DE DISTRIBUCIÓN CENTRO,JALISCO,TONILA,$16.40,$18.17,$17.49
81,ZONA DE DISTRIBUCIÓN CENTRO,JALISCO,TOTATICHE,$16.40,$18.17,$17.49
81,ZONA DE DISTRIBUCIÓN CENTRO,JALISCO,HIDALGO,$16.40,$18.17,$17.49
81,ZONA DE DISTRIBUCIÓN CENTRO,JALISCO,TUXCACUESCO,$16.40,$18.17,$17.49
81,ZONA DE DISTRIBUCIÓN CENTRO,JALISCO,TUXPAN,$16.40,$18.17,$17.49
81,ZONA DE DISTRIBUCIÓN CENTRO,JALISCO,VALLE DE GUADALUPE,$16.40,$18.17,$17.49
81,ZONA DE DISTRIBUCIÓN CENTRO,JALISCO,VALLE DE JUAREZ,$16.40,$18.17,$17.49
81,ZONA DE DISTRIBUCIÓN CENTRO,JALISCO,VILLA GUERRERO,$16.40,$18.17,$17.49
81,ZONA DE DISTRIBUCIÓN CENTRO,JALISCO,ZAPOTILTIC,$16.40,$18.17,$17.49
81,ZONA DE DISTRIBUCIÓN CENTRO,JALISCO,ZAPOTITLAN DE VADILLO,$16.40,$18.17,$17.49
81,ZONA DE DISTRIBUCIÓN CENTRO,JALISCO,VILLA PURIFICACION,$16.40,$18.17,$17.49
81,ZONA DE DISTRIBUCIÓN CENTRO,JALISCO,YAHUALICA DE GONZALEZ GALLO,$16.40,$18.17,$17.49
81,ZONA DE DISTRIBUCIÓN CENTRO,NAYARIT,ACAPONETA,$16.40,$18.17,$17.49
81,ZONA DE DISTRIBUCIÓN CENTRO,NAYARIT,TECUALA,$16.40,$18.17,$17.49
81,ZONA DE DISTRIBUCIÓN CENTRO,NAYARIT,LA YESCA,$16.40,$18.17,$17.49
81,ZONA DE DISTRIBUCIÓN CENTRO,DURANGO,CUENCAME,$16.40,$18.17,$17.49
81,ZONA DE DISTRIBUCIÓN CENTRO,DURANGO,GENERAL SIMON BOLIVAR,$16.40,$18.17,$17.49
81,ZONA DE DISTRIBUCIÓN CENTRO,DURANGO,GUANACEVI,$16.40,$18.17,$17.49
81,ZONA DE DISTRIBUCIÓN CENTRO,DURANGO,PEÑON BLANCO,$16.40,$18.17,$17.49
81,ZONA DE DISTRIBUCIÓN CENTRO,DURANGO,RODEO,$16.40,$18.17,$17.49
81,ZONA DE DISTRIBUCIÓN CENTRO,DURANGO,SAN DIMAS,$16.40,$18.17,$17.49
81,ZONA DE DISTRIBUCIÓN CENTRO,DURANGO,SAN JUAN DE GUADALUPE,$16.40,$18.17,$17.49
81,ZONA DE DISTRIBUCIÓN CENTRO,DURANGO,SAN LUIS DEL CORDERO,$16.40,$18.17,$17.49
81,ZONA DE DISTRIBUCIÓN CENTRO,DURANGO,SANTA CLARA,$16.40,$18.17,$17.49
81,ZONA DE DISTRIBUCIÓN CENTRO,DURANGO,TAMAZULA,$16.40,$18.17,$17.49
81,ZONA DE DISTRIBUCIÓN CENTRO,DURANGO,TEPEHUANES,$16.40,$18.17,$17.49
81,ZONA DE DISTRIBUCIÓN CENTRO,DURANGO,MAPIMI,$16.40,$18.17,$17.49
81,ZONA DE DISTRIBUCIÓN CENTRO,QUERÉTARO,AMEALCO DE BONFIL,$16.40,$18.17,$17.49
81,ZONA DE DISTRIBUCIÓN CENTRO,QUERÉTARO,ARROYO SECO,$16.40,$18.17,$17.49
81,ZONA DE DISTRIBUCIÓN CENTRO,QUERÉTARO,JALPAN DE SERRA,$16.40,$18.17,$17.49
81,ZONA DE DISTRIBUCIÓN CENTRO,QUERÉTARO,PEÑAMILLER,$16.40,$18.17,$17.49
81,ZONA DE DISTRIBUCIÓN CENTRO,QUERÉTARO,PINAL DE AMOLES,$16.40,$18.17,$17.49
81,ZONA DE DISTRIBUCIÓN CENTRO,QUERÉTARO,SAN JOAQUIN,$16.40,$18.17,$17.49
81,ZONA DE DISTRIBUCIÓN CENTRO,QUERÉTARO,TOLIMAN,$16.40,$18.17,$17.49
81,ZONA DE DISTRIBUCIÓN CENTRO,ZACATECAS,JALPA,$16.40,$18.17,$17.49
81,ZONA DE DISTRIBUCIÓN CENTRO,ZACATECAS,GENERAL FRANCISCO R MURGUIA,$16.40,$18.17,$17.49
81,ZONA DE DISTRIBUCIÓN CENTRO,ZACATECAS,APOZOL,$16.40,$18.17,$17.49
81,ZONA DE DISTRIBUCIÓN CENTRO,ZACATECAS,HUANUSCO,$16.40,$18.17,$17.49
81,ZONA DE DISTRIBUCIÓN CENTRO,ZACATECAS,JUAN ALDAMA,$16.40,$18.17,$17.49
81,ZONA DE DISTRIBUCIÓN CENTRO,ZACATECAS,JUCHIPILA,$16.40,$18.17,$17.49
81,ZONA DE DISTRIBUCIÓN CENTRO,ZACATECAS,MAZAPIL,$16.40,$18.17,$17.49
81,ZONA DE DISTRIBUCIÓN CENTRO,ZACATECAS,CHALCHIHUITES,$16.40,$18.17,$17.49
81,ZONA DE DISTRIBUCIÓN CENTRO,ZACATECAS,ATOLINGA,$16.40,$18.17,$17.49
81,ZONA DE DISTRIBUCIÓN CENTRO,ZACATECAS,CONCEPCION DEL ORO,$16.40,$18.17,$17.49
81,ZONA DE DISTRIBUCIÓN CENTRO,ZACATECAS,MIGUEL AUZA,$16.40,$18.17,$17.49
81,ZONA DE DISTRIBUCIÓN CENTRO,ZACATECAS,PINOS,$16.40,$18.17,$17.49
81,ZONA DE DISTRIBUCIÓN CENTRO,ZACATECAS,LORETO,$16.40,$18.17,$17.49
81,ZONA DE DISTRIBUCIÓN CENTRO,ZACATECAS,LUIS MOYA,$16.40,$18.17,$17.49
81,ZONA DE DISTRIBUCIÓN CENTRO,ZACATECAS,MOMAX,$16.40,$18.17,$17.49
81,ZONA DE DISTRIBUCIÓN CENTRO,ZACATECAS,MONTE ESCOBEDO,$16.40,$18.17,$17.49
81,ZONA DE DISTRIBUCIÓN CENTRO,ZACATECAS,MOYAHUA DE ESTRADA,$16.40,$18.17,$17.49
81,ZONA DE DISTRIBUCIÓN CENTRO,ZACATECAS,NOCHISTLAN DE MEJIA,$16.40,$18.17,$17.49
81,ZONA DE DISTRIBUCIÓN CENTRO,ZACATECAS,NORIA DE ANGELES,$16.40,$18.17,$17.49
81,ZONA DE DISTRIBUCIÓN CENTRO,ZACATECAS,SOMBRERETE,$16.40,$18.17,$17.49
81,ZONA DE DISTRIBUCIÓN CENTRO,ZACATECAS,TEPECHITLAN,$16.40,$18.17,$17.49
81,ZONA DE DISTRIBUCIÓN CENTRO,ZACATECAS,TLALTENANGO DE SANCHEZ ROMAN,$16.40,$18.17,$17.49
81,ZONA DE DISTRIBUCIÓN CENTRO,ZACATECAS,VALPARAISO,$16.40,$18.17,$17.49
81,ZONA DE DISTRIBUCIÓN CENTRO,AGUASCALIENTES,RINCON DE ROMOS,$16.40,$18.17,$17.49
81,ZONA DE DISTRIBUCIÓN CENTRO,AGUASCALIENTES,COSIO,$16.40,$18.17,$17.49
81,ZONA DE DISTRIBUCIÓN CENTRO,AGUASCALIENTES,CALVILLO,$16.40,$18.17,$17.49
81,ZONA DE DISTRIBUCIÓN CENTRO,AGUASCALIENTES,JESUS MARIA,$16.40,$18.17,$17.49
81,ZONA DE DISTRIBUCIÓN CENTRO,AGUASCALIENTES,ASIENTOS,$16.40,$18.17,$17.49
81,ZONA DE DISTRIBUCIÓN CENTRO,SAN LUIS POTOSÍ,RIOVERDE,$16.40,$18.17,$17.49
81,ZONA DE DISTRIBUCIÓN CENTRO,SAN LUIS POTOSÍ,SAN CIRO DE ACOSTA,$16.40,$18.17,$17.49
81,ZONA DE DISTRIBUCIÓN CENTRO,SAN LUIS POTOSÍ,GUADALCAZAR,$16.40,$18.17,$17.49
81,ZONA DE DISTRIBUCIÓN CENTRO,SAN LUIS POTOSÍ,CERRITOS,$16.40,$18.17,$17.49
81,ZONA DE DISTRIBUCIÓN CENTRO,SAN LUIS POTOSÍ,CHARCAS,$16.40,$18.17,$17.49
81,ZONA DE DISTRIBUCIÓN CENTRO,SAN LUIS POTOSÍ,MOCTEZUMA,$16.40,$18.17,$17.49
81,ZONA DE DISTRIBUCIÓN CENTRO,SAN LUIS POTOSÍ,CIUDAD DEL MAIZ,$16.40,$18.17,$17.49
81,ZONA DE DISTRIBUCIÓN CENTRO,SAN LUIS POTOSÍ,VENADO,$16.40,$18.17,$17.49
81,ZONA DE DISTRIBUCIÓN CENTRO,SAN LUIS POTOSÍ,VILLA DE ARISTA,$16.40,$18.17,$17.49
81,ZONA DE DISTRIBUCIÓN CENTRO,SAN LUIS POTOSÍ,VILLA DE ARRIAGA,$16.40,$18.17,$17.49
81,ZONA DE DISTRIBUCIÓN CENTRO,SAN LUIS POTOSÍ,TAMUIN,$16.40,$18.17,$17.49
81,ZONA DE DISTRIBUCIÓN CENTRO,SAN LUIS POTOSÍ,TIERRA NUEVA,$16.40,$18.17,$17.49
81,ZONA DE DISTRIBUCIÓN CENTRO,SAN LUIS POTOSÍ,VILLA JUAREZ,$16.40,$18.17,$17.49
81,ZONA DE DISTRIBUCIÓN CENTRO,TLAXCALA,MUÑOZ DE DOMINGO ARENAS,$16.40,$18.17,$17.49
81,ZONA DE DISTRIBUCIÓN CENTRO,TLAXCALA,SANCTORUM DE LAZARO CARDENAS,$16.40,$18.17,$17.49
81,ZONA DE DISTRIBUCIÓN CENTRO,TLAXCALA,APETATITLAN DE ANTONIO CARVAJAL,$16.40,$18.17,$17.49
82,ZONA DE DISTRIBUCIÓN BAJÍO,ESTADO DE MÉXICO,CHIAUTLA,$16.59,$18.36,$17.66
82,ZONA DE DISTRIBUCIÓN BAJÍO,ESTADO DE MÉXICO,ACULCO,$16.59,$18.36,$17.66
82,ZONA DE DISTRIBUCIÓN BAJÍO,ESTADO DE MÉXICO,AMATEPEC,$16.59,$18.36,$17.66
82,ZONA DE DISTRIBUCIÓN BAJÍO,ESTADO DE MÉXICO,AMECAMECA,$16.59,$18.36,$17.66
82,ZONA DE DISTRIBUCIÓN BAJÍO,ESTADO DE MÉXICO,COCOTITLAN,$16.59,$18.36,$17.66
82,ZONA DE DISTRIBUCIÓN BAJÍO,ESTADO DE MÉXICO,JUCHITEPEC,$16.59,$18.36,$17.66
82,ZONA DE DISTRIBUCIÓN BAJÍO,ESTADO DE MÉXICO,OZUMBA,$16.59,$18.36,$17.66
82,ZONA DE DISTRIBUCIÓN BAJÍO,ESTADO DE MÉXICO,POLOTITLAN,$16.59,$18.36,$17.66
82,ZONA DE DISTRIBUCIÓN BAJÍO,ESTADO DE MÉXICO,TEMAMATLA,$16.59,$18.36,$17.66
82,ZONA DE DISTRIBUCIÓN BAJÍO,ESTADO DE MÉXICO,TEPETLAOXTOC,$16.59,$18.36,$17.66
82,ZONA DE DISTRIBUCIÓN BAJÍO,ESTADO DE MÉXICO,TLALMANALCO,$16.59,$18.36,$17.66
82,ZONA DE DISTRIBUCIÓN BAJÍO,ESTADO DE MÉXICO,TLATLAYA,$16.59,$18.36,$17.66
82,ZONA DE DISTRIBUCIÓN BAJÍO,ESTADO DE MÉXICO,TEZOYUCA,$16.59,$18.36,$17.66
82,ZONA DE DISTRIBUCIÓN BAJÍO,ESTADO DE MÉXICO,TIMILPAN,$16.59,$18.36,$17.66
82,ZONA DE DISTRIBUCIÓN BAJÍO,ESTADO DE MÉXICO,VILLA DEL CARBON,$16.59,$18.36,$17.66
82,ZONA DE DISTRIBUCIÓN BAJÍO,PUEBLA,CHIGNAHUAPAN,$16.59,$18.36,$17.66
82,ZONA DE DISTRIBUCIÓN BAJÍO,PUEBLA,CHIGNAUTLA,$16.59,$18.36,$17.66
82,ZONA DE DISTRIBUCIÓN BAJÍO,PUEBLA,CHILA,$16.59,$18.36,$17.66
82,ZONA DE DISTRIBUCIÓN BAJÍO,PUEBLA,CUETZALAN DEL PROGRESO,$16.59,$18.36,$17.66
82,ZONA DE DISTRIBUCIÓN BAJÍO,PUEBLA,CHALCHICOMULA DE SESMA,$16.59,$18.36,$17.66
82,ZONA DE DISTRIBUCIÓN BAJÍO,PUEBLA,AHUAZOTEPEC,$16.59,$18.36,$17.66
82,ZONA DE DISTRIBUCIÓN BAJÍO,PUEBLA,ALJOJUCA,$16.59,$18.36,$17.66
82,ZONA DE DISTRIBUCIÓN BAJÍO,PUEBLA,FRANCISCO Z MENA,$16.59,$18.36,$17.66
82,ZONA DE DISTRIBUCIÓN BAJÍO,PUEBLA,HUEHUETLAN EL CHICO,$16.59,$18.36,$17.66
82,ZONA DE DISTRIBUCIÓN BAJÍO,PUEBLA,HUEYTAMALCO,$16.59,$18.36,$17.66
82,ZONA DE DISTRIBUCIÓN BAJÍO,PUEBLA,HUITZILAN DE SERDAN,$16.59,$18.36,$17.66
82,ZONA DE DISTRIBUCIÓN BAJÍO,PUEBLA,PALMAR DE BRAVO,$16.59,$18.36,$17.66
82,ZONA DE DISTRIBUCIÓN BAJÍO,PUEBLA,QUECHOLAC,$16.59,$18.36,$17.66
82,ZONA DE DISTRIBUCIÓN BAJÍO,PUEBLA,TEPEXI DE RODRIGUEZ,$16.59,$18.36,$17.66
82,ZONA DE DISTRIBUCIÓN BAJÍO,PUEBLA,TETELA DE OCAMPO,$16.59,$18.36,$17.66
82,ZONA DE DISTRIBUCIÓN BAJÍO,PUEBLA,ACATLAN,$16.59,$18.36,$17.66
82,ZONA DE DISTRIBUCIÓN BAJÍO,PUEBLA,AHUACATLAN,$16.59,$18.36,$17.66
82,ZONA DE DISTRIBUCIÓN BAJÍO,PUEBLA,CHIAUTLA,$16.59,$18.36,$17.66
82,ZONA DE DISTRIBUCIÓN BAJÍO,PUEBLA,GUADALUPE,$16.59,$18.36,$17.66
82,ZONA DE DISTRIBUCIÓN BAJÍO,PUEBLA,HUEHUETLA,$16.59,$18.36,$17.66
82,ZONA DE DISTRIBUCIÓN BAJÍO,PUEBLA,ZARAGOZA,$16.59,$18.36,$17.66
82,ZONA DE DISTRIBUCIÓN BAJÍO,PUEBLA,TETELES DE AVILA CASTILLO,$16.59,$18.36,$17.66
82,ZONA DE DISTRIBUCIÓN BAJÍO,PUEBLA,TEZIUTLAN,$16.59,$18.36,$17.66
82,ZONA DE DISTRIBUCIÓN BAJÍO,PUEBLA,TULCINGO,$16.59,$18.36,$17.66
82,ZONA DE DISTRIBUCIÓN BAJÍO,PUEBLA,TUZAMAPAN DE GALEANA,$16.59,$18.36,$17.66
82,ZONA DE DISTRIBUCIÓN BAJÍO,PUEBLA,ZACATLAN,$16.59,$18.36,$17.66
82,ZONA DE DISTRIBUCIÓN BAJÍO,PUEBLA,IXCAQUIXTLA,$16.59,$18.36,$17.66
82,ZONA DE DISTRIBUCIÓN BAJÍO,PUEBLA,IXTACAMAXTITLAN,$16.59,$18.36,$17.66
82,ZONA DE DISTRIBUCIÓN BAJÍO,PUEBLA,ZAUTLA,$16.59,$18.36,$17.66
82,ZONA DE DISTRIBUCIÓN BAJÍO,MICHOACÁN DE OCAMPO,JIQUILPAN,$16.59,$18.36,$17.66
82,ZONA DE DISTRIBUCIÓN BAJÍO,MICHOACÁN DE OCAMPO,JOSE SIXTO VERDUZCO,$16.59,$18.36,$17.66
82,ZONA DE DISTRIBUCIÓN BAJÍO,MICHOACÁN DE OCAMPO,JUNGAPEO,$16.59,$18.36,$17.66
82,ZONA DE DISTRIBUCIÓN BAJÍO,MICHOACÁN DE OCAMPO,ANGANGUEO,$16.59,$18.36,$17.66
82,ZONA DE DISTRIBUCIÓN BAJÍO,MICHOACÁN DE OCAMPO,CHURUMUCO,$16.59,$18.36,$17.66
82,ZONA DE DISTRIBUCIÓN BAJÍO,MICHOACÁN DE OCAMPO,COALCOMAN DE VAZQUEZ PALLARES,$16.59,$18.36,$17.66
82,ZONA DE DISTRIBUCIÓN BAJÍO,MICHOACÁN DE OCAMPO,ARIO,$16.59,$18.36,$17.66
82,ZONA DE DISTRIBUCIÓN BAJÍO,MICHOACÁN DE OCAMPO,COJUMATLAN DE REGULES,$16.59,$18.36,$17.66
82,ZONA DE DISTRIBUCIÓN BAJÍO,MICHOACÁN DE OCAMPO,COTIJA,$16.59,$18.36,$17.66
82,ZONA DE DISTRIBUCIÓN BAJÍO,MICHOACÁN DE OCAMPO,EPITACIO HUERTA,$16.59,$18.36,$17.66
82,ZONA DE DISTRIBUCIÓN BAJÍO,MICHOACÁN DE OCAMPO,NOCUPETARO,$16.59,$18.36,$17.66
82,ZONA DE DISTRIBUCIÓN BAJÍO,MICHOACÁN DE OCAMPO,HUETAMO,$16.59,$18.36,$17.66
82,ZONA DE DISTRIBUCIÓN BAJÍO,MICHOACÁN DE OCAMPO,AGUILILLA,$16.59,$18.36,$17.66
82,ZONA DE DISTRIBUCIÓN BAJÍO,MICHOACÁN DE OCAMPO,PENJAMILLO,$16.59,$18.36,$17.66
82,ZONA DE DISTRIBUCIÓN BAJÍO,MICHOACÁN DE OCAMPO,PERIBAN,$16.59,$18.36,$17.66
82,ZONA DE DISTRIBUCIÓN BAJÍO,MICHOACÁN DE OCAMPO,LA PIEDAD,$16.59,$18.36,$17.66
82,ZONA DE DISTRIBUCIÓN BAJÍO,MICHOACÁN DE OCAMPO,OCAMPO,$16.59,$18.36,$17.66
82,ZONA DE DISTRIBUCIÓN BAJÍO,MICHOACÁN DE OCAMPO,SAN LUCAS,$16.59,$18.36,$17.66
82,ZONA DE DISTRIBUCIÓN BAJÍO,MICHOACÁN DE OCAMPO,TUXPAN,$16.59,$18.36,$17.66
82,ZONA DE DISTRIBUCIÓN BAJÍO,MICHOACÁN DE OCAMPO,SAHUAYO,$16.59,$18.36,$17.66
82,ZONA DE DISTRIBUCIÓN BAJÍO,MICHOACÁN DE OCAMPO,SENGUIO,$16.59,$18.36,$17.66
82,ZONA DE DISTRIBUCIÓN BAJÍO,MICHOACÁN DE OCAMPO,TACAMBARO,$16.59,$18.36,$17.66
82,ZONA DE DISTRIBUCIÓN BAJÍO,MICHOACÁN DE OCAMPO,TEPALCATEPEC,$16.59,$18.36,$17.66
82,ZONA DE DISTRIBUCIÓN BAJÍO,MICHOACÁN DE OCAMPO,TIQUICHEO DE NICOLAS ROMERO,$16.59,$18.36,$17.66
82,ZONA DE DISTRIBUCIÓN BAJÍO,MICHOACÁN DE OCAMPO,TUMBISCATIO,$16.59,$18.36,$17.66
82,ZONA DE DISTRIBUCIÓN BAJÍO,MICHOACÁN DE OCAMPO,TURICATO,$16.59,$18.36,$17.66
82,ZONA DE DISTRIBUCIÓN BAJÍO,MICHOACÁN DE OCAMPO,TUZANTLA,$16.59,$18.36,$17.66
82,ZONA DE DISTRIBUCIÓN BAJÍO,GUERRERO,COAHUAYUTLA DE JOSE MARIA IZAZAGA,$16.59,$18.36,$17.66
82,ZONA DE DISTRIBUCIÓN BAJÍO,GUERRERO,ATLAMAJALCINGO DEL MONTE,$16.59,$18.36,$17.66
82,ZONA DE DISTRIBUCIÓN BAJÍO,GUERRERO,CHILAPA DE ALVAREZ,$16.59,$18.36,$17.66
82,ZONA DE DISTRIBUCIÓN BAJÍO,GUERRERO,COYUCA DE CATALAN,$16.59,$18.36,$17.66
82,ZONA DE DISTRIBUCIÓN BAJÍO,GUERRERO,CUAJINICUILAPA,$16.59,$18.36,$17.66
82,ZONA DE DISTRIBUCIÓN BAJÍO,GUERRERO,GENERAL HELIODORO CASTILLO,$16.59,$18.36,$17.66
82,ZONA DE DISTRIBUCIÓN BAJÍO,GUERRERO,CUTZAMALA DE PINZON,$16.59,$18.36,$17.66
82,ZONA DE DISTRIBUCIÓN BAJÍO,GUERRERO,HUAMUXTITLAN,$16.59,$18.36,$17.66
82,ZONA DE DISTRIBUCIÓN BAJÍO,GUERRERO,OLINALA,$16.59,$18.36,$17.66
82,ZONA DE DISTRIBUCIÓN BAJÍO,GUERRERO,ARCELIA,$16.59,$18.36,$17.66
82,ZONA DE DISTRIBUCIÓN BAJÍO,GUERRERO,AJUCHITLAN DEL PROGRESO,$16.59,$18.36,$17.66
82,ZONA DE DISTRIBUCIÓN BAJÍO,GUERRERO,PETATLAN,$16.59,$18.36,$17.66
82,ZONA DE DISTRIBUCIÓN BAJÍO,GUERRERO,PUNGARABATO,$16.59,$18.36,$17.66
82,ZONA DE DISTRIBUCIÓN BAJÍO,GUERRERO,QUECHULTENANGO,$16.59,$18.36,$17.66
82,ZONA DE DISTRIBUCIÓN BAJÍO,GUERRERO,TLACOACHISTLAHUACA,$16.59,$18.36,$17.66
82,ZONA DE DISTRIBUCIÓN BAJÍO,GUERRERO,TLALCHAPA,$16.59,$18.36,$17.66
82,ZONA DE DISTRIBUCIÓN BAJÍO,GUERRERO,TLALIXTAQUILLA DE MALDONADO,$16.59,$18.36,$17.66
82,ZONA DE DISTRIBUCIÓN BAJÍO,GUERRERO,TLAPA DE COMONFORT,$16.59,$18.36,$17.66
82,ZONA DE DISTRIBUCIÓN BAJÍO,GUERRERO,TLAPEHUALA,$16.59,$18.36,$17.66
82,ZONA DE DISTRIBUCIÓN BAJÍO,GUERRERO,XALPATLAHUAC,$16.59,$18.36,$17.66
82,ZONA DE DISTRIBUCIÓN BAJÍO,GUERRERO,ZIHUATANEJO DE AZUETA,$16.59,$18.36,$17.66
82,ZONA DE DISTRIBUCIÓN BAJÍO,GUERRERO,ZIRANDARO,$16.59,$18.36,$17.66
82,ZONA DE DISTRIBUCIÓN BAJÍO,HIDALGO,ACATLAN,$16.59,$18.36,$17.66
82,ZONA DE DISTRIBUCIÓN BAJÍO,HIDALGO,HUEHUETLA,$16.59,$18.36,$17.66
82,ZONA DE DISTRIBUCIÓN BAJÍO,NAYARIT,AHUACATLAN,$16.59,$18.36,$17.66
83,ZONA DE DISTRIBUCIÓN SUR,CHIAPAS,ACAPETAHUA,$16.10,$17.87,$17.17
83,ZONA DE DISTRIBUCIÓN SUR,CHIAPAS,ALTAMIRANO,$16.10,$17.87,$17.17
83,ZONA DE DISTRIBUCIÓN SUR,CHIAPAS,SAN LUCAS,$16.10,$17.87,$17.17
83,ZONA DE DISTRIBUCIÓN SUR,CHIAPAS,ANGEL ALBINO CORZO,$16.10,$17.87,$17.17
83,ZONA DE DISTRIBUCIÓN SUR,CHIAPAS,CATAZAJA,$16.10,$17.87,$17.17
83,ZONA DE DISTRIBUCIÓN SUR,CHIAPAS,COMITAN DE DOMINGUEZ,$16.10,$17.87,$17.17
83,ZONA DE DISTRIBUCIÓN SUR,CHIAPAS,LA CONCORDIA,$16.10,$17.87,$17.17
83,ZONA DE DISTRIBUCIÓN SUR,CHIAPAS,CHICOMUSELO,$16.10,$17.87,$17.17
83,ZONA DE DISTRIBUCIÓN SUR,CHIAPAS,CHILON,$16.10,$17.87,$17.17
83,ZONA DE DISTRIBUCIÓN SUR,CHIAPAS,ESCUINTLA,$16.10,$17.87,$17.17
83,ZONA DE DISTRIBUCIÓN SUR,CHIAPAS,FRONTERA COMALAPA,$16.10,$17.87,$17.17
83,ZONA DE DISTRIBUCIÓN SUR,CHIAPAS,MAPASTEPEC,$16.10,$17.87,$17.17
83,ZONA DE DISTRIBUCIÓN SUR,CHIAPAS,LAS MARGARITAS,$16.10,$17.87,$17.17
83,ZONA DE DISTRIBUCIÓN SUR,CHIAPAS,MOTOZINTLA,$16.10,$17.87,$17.17
83,ZONA DE DISTRIBUCIÓN SUR,CHIAPAS,OCOSINGO,$16.10,$17.87,$17.17
83,ZONA DE DISTRIBUCIÓN SUR,CHIAPAS,PALENQUE,$16.10,$17.87,$17.17
83,ZONA DE DISTRIBUCIÓN SUR,CHIAPAS,EL PORVENIR,$16.10,$17.87,$17.17
83,ZONA DE DISTRIBUCIÓN SUR,CHIAPAS,SILTEPEC,$16.10,$17.87,$17.17
83,ZONA DE DISTRIBUCIÓN SUR,CHIAPAS,TAPILULA,$16.10,$17.87,$17.17
83,ZONA DE DISTRIBUCIÓN SUR,CHIAPAS,LA TRINITARIA,$16.10,$17.87,$17.17
83,ZONA DE DISTRIBUCIÓN SUR,CHIAPAS,TZIMOL,$16.10,$17.87,$17.17
83,ZONA DE DISTRIBUCIÓN SUR,CHIAPAS,YAJALON,$16.10,$17.87,$17.17
83,ZONA DE DISTRIBUCIÓN SUR,VERACRUZ DE IGNACIO DE LA LLAVE,COSAUTLAN DE CARVAJAL,$16.10,$17.87,$17.17
83,ZONA DE DISTRIBUCIÓN SUR,VERACRUZ DE IGNACIO DE LA LLAVE,ALTO LUCERO DE GUTIERREZ BARRIOS,$16.10,$17.87,$17.17
83,ZONA DE DISTRIBUCIÓN SUR,VERACRUZ DE IGNACIO DE LA LLAVE,EL HIGO,$16.10,$17.87,$17.17
83,ZONA DE DISTRIBUCIÓN SUR,VERACRUZ DE IGNACIO DE LA LLAVE,HUATUSCO,$16.10,$17.87,$17.17
83,ZONA DE DISTRIBUCIÓN SUR,VERACRUZ DE IGNACIO DE LA LLAVE,HUAYACOCOTLA,$16.10,$17.87,$17.17
83,ZONA DE DISTRIBUCIÓN SUR,VERACRUZ DE IGNACIO DE LA LLAVE,HUEYAPAN DE OCAMPO,$16.10,$17.87,$17.17
83,ZONA DE DISTRIBUCIÓN SUR,VERACRUZ DE IGNACIO DE LA LLAVE,IGNACIO DE LA LLAVE,$16.10,$17.87,$17.17
83,ZONA DE DISTRIBUCIÓN SUR,VERACRUZ DE IGNACIO DE LA LLAVE,ISLA,$16.10,$17.87,$17.17
83,ZONA DE DISTRIBUCIÓN SUR,VERACRUZ DE IGNACIO DE LA LLAVE,IXHUATLAN DE MADERO,$16.10,$17.87,$17.17
83,ZONA DE DISTRIBUCIÓN SUR,VERACRUZ DE IGNACIO DE LA LLAVE,JESUS CARRANZA,$16.10,$17.87,$17.17
83,ZONA DE DISTRIBUCIÓN SUR,VERACRUZ DE IGNACIO DE LA LLAVE,JUAN RODRIGUEZ CLARA,$16.10,$17.87,$17.17
83,ZONA DE DISTRIBUCIÓN SUR,VERACRUZ DE IGNACIO DE LA LLAVE,LERDO DE TEJADA,$16.10,$17.87,$17.17
83,ZONA DE DISTRIBUCIÓN SUR,VERACRUZ DE IGNACIO DE LA LLAVE,MISANTLA,$16.10,$17.87,$17.17
83,ZONA DE DISTRIBUCIÓN SUR,VERACRUZ DE IGNACIO DE LA LLAVE,NARANJOS AMATLAN,$16.10,$17.87,$17.17
83,ZONA DE DISTRIBUCIÓN SUR,VERACRUZ DE IGNACIO DE LA LLAVE,OMEALCA,$16.10,$17.87,$17.17
83,ZONA DE DISTRIBUCIÓN SUR,VERACRUZ DE IGNACIO DE LA LLAVE,PASO DEL MACHO,$16.10,$17.87,$17.17
83,ZONA DE DISTRIBUCIÓN SUR,VERACRUZ DE IGNACIO DE LA LLAVE,CATEMACO,$16.10,$17.87,$17.17
83,ZONA DE DISTRIBUCIÓN SUR,VERACRUZ DE IGNACIO DE LA LLAVE,CHALCATONGO DE HIDALGO,$16.10,$17.87,$17.17
83,ZONA DE DISTRIBUCIÓN SUR,VERACRUZ DE IGNACIO DE LA LLAVE,CHALMA,$16.10,$17.87,$17.17
83,ZONA DE DISTRIBUCIÓN SUR,VERACRUZ DE IGNACIO DE LA LLAVE,CHICOMUSELO,$16.10,$17.87,$17.17
83,ZONA DE DISTRIBUCIÓN SUR,VERACRUZ DE IGNACIO DE LA LLAVE,CHICONTEPEC,$16.10,$17.87,$17.17
83,ZONA DE DISTRIBUCIÓN SUR,VERACRUZ DE IGNACIO DE LA LLAVE,CHILON,$16.10,$17.87,$17.17
83,ZONA DE DISTRIBUCIÓN SUR,VERACRUZ DE IGNACIO DE LA LLAVE,CHONTLA,$16.10,$17.87,$17.17
83,ZONA DE DISTRIBUCIÓN SUR,VERACRUZ DE IGNACIO DE LA LLAVE,COLIPA,$16.10,$17.87,$17.17
83,ZONA DE DISTRIBUCIÓN SUR,VERACRUZ DE IGNACIO DE LA LLAVE,PLATON SANCHEZ,$16.10,$17.87,$17.17
83,ZONA DE DISTRIBUCIÓN SUR,VERACRUZ DE IGNACIO DE LA LLAVE,PLAYA VICENTE,$16.10,$17.87,$17.17
83,ZONA DE DISTRIBUCIÓN SUR,VERACRUZ DE IGNACIO DE LA LLAVE,SAN ANDRES TUXTLA,$16.10,$17.87,$17.17
83,ZONA DE DISTRIBUCIÓN SUR,VERACRUZ DE IGNACIO DE LA LLAVE,SANTIAGO TUXTLA,$16.10,$17.87,$17.17
83,ZONA DE DISTRIBUCIÓN SUR,VERACRUZ DE IGNACIO DE LA LLAVE,SOCONUSCO,$16.10,$17.87,$17.17
83,ZONA DE DISTRIBUCIÓN SUR,VERACRUZ DE IGNACIO DE LA LLAVE,TAMALIN,$16.10,$17.87,$17.17
83,ZONA DE DISTRIBUCIÓN SUR,VERACRUZ DE IGNACIO DE LA LLAVE,TLACOTALPAN,$16.10,$17.87,$17.17
83,ZONA DE DISTRIBUCIÓN SUR,VERACRUZ DE IGNACIO DE LA LLAVE,TANTOYUCA,$16.10,$17.87,$17.17
83,ZONA DE DISTRIBUCIÓN SUR,VERACRUZ DE IGNACIO DE LA LLAVE,TEMPOAL,$16.10,$17.87,$17.17
83,ZONA DE DISTRIBUCIÓN SUR,VERACRUZ DE IGNACIO DE LA LLAVE,TLAPACOYAN,$16.10,$17.87,$17.17
83,ZONA DE DISTRIBUCIÓN SUR,VERACRUZ DE IGNACIO DE LA LLAVE,TOTUTLA,$16.10,$17.87,$17.17
83,ZONA DE DISTRIBUCIÓN SUR,VERACRUZ DE IGNACIO DE LA LLAVE,VEGA DE ALATORRE,$16.10,$17.87,$17.17
83,ZONA DE DISTRIBUCIÓN SUR,VERACRUZ DE IGNACIO DE LA LLAVE,ZENTLA,$16.10,$17.87,$17.17
83,ZONA DE DISTRIBUCIÓN SUR,VERACRUZ DE IGNACIO DE LA LLAVE,ANGEL R CABADA,$16.10,$17.87,$17.17
83,ZONA DE DISTRIBUCIÓN SUR,VERACRUZ DE IGNACIO DE LA LLAVE,APAZAPAN,$16.10,$17.87,$17.17
83,ZONA DE DISTRIBUCIÓN SUR,OAXACA,CHALCATONGO DE HIDALGO,$16.10,$17.87,$17.17
83,ZONA DE DISTRIBUCIÓN SUR,OAXACA,SAN MIGUEL EL GRANDE,$16.10,$17.87,$17.17
83,ZONA DE DISTRIBUCIÓN SUR,OAXACA,SAN MIGUEL TLACOTEPEC,$16.10,$17.87,$17.17
83,ZONA DE DISTRIBUCIÓN SUR,OAXACA,SAN PEDRO JICAYAN,$16.10,$17.87,$17.17
83,ZONA DE DISTRIBUCIÓN SUR,OAXACA,SAN PEDRO MIXTEPEC,$16.10,$17.87,$17.17
83,ZONA DE DISTRIBUCIÓN SUR,OAXACA,SANTA CATARINA JUQUILA,$16.10,$17.87,$17.17
83,ZONA DE DISTRIBUCIÓN SUR,OAXACA,SANTA MARIA COLOTEPEC,$16.10,$17.87,$17.17
83,ZONA DE DISTRIBUCIÓN SUR,OAXACA,SANTA MARIA ZACATEPEC,$16.10,$17.87,$17.17
83,ZONA DE DISTRIBUCIÓN SUR,OAXACA,SANTIAGO JAMILTEPEC,$16.10,$17.87,$17.17
83,ZONA DE DISTRIBUCIÓN SUR,OAXACA,SANTIAGO JUXTLAHUACA,$16.10,$17.87,$17.17
83,ZONA DE DISTRIBUCIÓN SUR,OAXACA,SANTIAGO PINOTEPA NACIONAL,$16.10,$17.87,$17.17
83,ZONA DE DISTRIBUCIÓN SUR,OAXACA,SANTIAGO TAMAZOLA,$16.10,$17.87,$17.17
83,ZONA DE DISTRIBUCIÓN SUR,OAXACA,SANTO DOMINGO TONALA,$16.10,$17.87,$17.17
83,ZONA DE DISTRIBUCIÓN SUR,OAXACA,SANTO TOMAS OCOTEPEC,$16.10,$17.87,$17.17
83,ZONA DE DISTRIBUCIÓN SUR,OAXACA,SANTOS REYES TEPEJILLO,$16.10,$17.87,$17.17
83,ZONA DE DISTRIBUCIÓN SUR,OAXACA,SILACAYOAPAM,$16.10,$17.87,$17.17
83,ZONA DE DISTRIBUCIÓN SUR,OAXACA,HEROICA VILLA TEZOATLAN DE SEGURA Y LUNA. CUNA DE LA INDEPENDENCIA DE OAXACA,$16.10,$17.87,$17.17
83,ZONA DE DISTRIBUCIÓN SUR,OAXACA,HUAUTLA DE JIMENEZ,$16.10,$17.87,$17.17
83,ZONA DE DISTRIBUCIÓN SUR,OAXACA,MARISCALA DE JUAREZ,$16.10,$17.87,$17.17
83,ZONA DE DISTRIBUCIÓN SUR,OAXACA,PINOTEPA DE DON LUIS,$16.10,$17.87,$17.17
83,ZONA DE DISTRIBUCIÓN SUR,OAXACA,SAN FELIPE JALAPA DE DIAZ,$16.10,$17.87,$17.17
83,ZONA DE DISTRIBUCIÓN SUR,OAXACA,SAN JUAN CACAHUATEPEC,$16.10,$17.87,$17.17
83,ZONA DE DISTRIBUCIÓN SUR,OAXACA,SAN JUAN COTZOCON,$16.10,$17.87,$17.17
83,ZONA DE DISTRIBUCIÓN SUR,OAXACA,PUTLA VILLA DE GUERRERO,$16.10,$17.87,$17.17
83,ZONA DE DISTRIBUCIÓN SUR,OAXACA,SAN ANDRES HUAXPALTEPEC,$16.10,$17.87,$17.17
83,ZONA DE DISTRIBUCIÓN SUR,OAXACA,VILLA DE TUTUTEPEC,$16.10,$17.87,$17.17
83,ZONA DE DISTRIBUCIÓN SUR,TABASCO,TENOSIQUE,$16.10,$17.87,$17.17
83,ZONA DE DISTRIBUCIÓN SUR,TABASCO,JONUTA,$16.10,$17.87,$17.17
83,ZONA DE DISTRIBUCIÓN SUR,TABASCO,BALANCAN,$16.10,$17.87,$17.17
